country_name,year,UMAP1,UMAP2,region
Mexico,1975,1.4442400786914669,-1.0495772646358108,Latin America & Caribbean
Mexico,1985,1.245162710908874,-0.9564879225185012,Latin America & Caribbean
Mexico,1995,1.915628746513351,3.0339166833469773,Latin America & Caribbean
Mexico,2005,1.616749659542068,3.250870199353447,Latin America & Caribbean
Mexico,2015,1.8090989146270595,3.150024504811516,Latin America & Caribbean
Mexico,2025,1.9887678179778896,3.274009199292412,Latin America & Caribbean
Suriname,1975,-0.5929713692627109,2.066239328534355,Latin America & Caribbean
Suriname,1985,-0.5930614914856113,2.0175369097301865,Latin America & Caribbean
Suriname,1995,-0.6788882460556186,2.176975996644249,Latin America & Caribbean
Suriname,2005,-0.48537568711854584,2.1234584166119004,Latin America & Caribbean
Suriname,2015,-0.4760226454696811,1.9783649159977341,Latin America & Caribbean
Suriname,2025,-0.5455526556930698,2.0201402618000412,Latin America & Caribbean
Sweden,1975,-8.754390284057633,2.414814086110344,W. Europe & N. America
Sweden,1985,-8.693441912170426,2.471504063756218,W. Europe & N. America
Sweden,1995,-8.689099833007829,2.4514287425587082,W. Europe & N. America
Sweden,2005,-8.663548037048356,2.5381840182850266,W. Europe & N. America
Sweden,2015,-8.545686289306657,2.5328347398350144,W. Europe & N. America
Sweden,2025,-8.532301470275895,2.517324538380852,W. Europe & N. America
Switzerland,1975,-7.1981511559448395,1.8862818194935227,W. Europe & N. America
Switzerland,1985,-7.244897409912125,1.9809444858143235,W. Europe & N. America
Switzerland,1995,-7.200159594055191,1.9952060295650864,W. Europe & N. America
Switzerland,2005,-7.2696633782348785,2.061827333123436,W. Europe & N. America
Switzerland,2015,-7.263569399353043,2.051869840771904,W. Europe & N. America
Switzerland,2025,-7.277926966186539,2.063091547639122,W. Europe & N. America
Ghana,1975,1.5952345881500087,-1.5474984930446243,Sub-Saharan Africa
Ghana,1985,1.6037646684684597,-1.6699581430842971,Sub-Saharan Africa
Ghana,1995,0.7061661634483182,2.4671072675297165,Sub-Saharan Africa
Ghana,2005,0.6230114851035916,2.4516765786716843,Sub-Saharan Africa
Ghana,2015,0.6690831038989865,2.424884886891594,Sub-Saharan Africa
Ghana,2025,0.7438055876531445,2.372205944211235,Sub-Saharan Africa
South Africa,1975,3.183510974410995,-1.4332287596156692,Sub-Saharan Africa
South Africa,1985,3.2446248087920986,-1.4701743410518264,Sub-Saharan Africa
South Africa,1995,0.5307421538867795,2.73178658023571,Sub-Saharan Africa
South Africa,2005,0.6669980738200986,2.978375048787346,Sub-Saharan Africa
South Africa,2015,0.7363106612005078,2.8865546895573044,Sub-Saharan Africa
South Africa,2025,0.6552516970672452,2.900932045132866,Sub-Saharan Africa
Japan,1975,-6.417069002624527,0.2039479924747849,East Asia & Pacific
Japan,1985,-6.451350256439224,0.19255516067241674,East Asia & Pacific
Japan,1995,-6.548400446411148,0.054212780148735096,East Asia & Pacific
Japan,2005,-6.491406961914078,0.06908461585735326,East Asia & Pacific
Japan,2015,-6.482719942565933,0.05862972274517064,East Asia & Pacific
Japan,2025,-6.46881537103273,0.1706772758076096,East Asia & Pacific
Burma/Myanmar,1975,4.026402429107651,-2.670760898440132,East Asia & Pacific
Burma/Myanmar,1985,4.0685042891540375,-2.7166602896144485,East Asia & Pacific
Burma/Myanmar,1995,3.3760358843841396,-2.6024022386958694,East Asia & Pacific
Burma/Myanmar,2005,3.6142136607208095,-2.6022033976008987,East Asia & Pacific
Burma/Myanmar,2015,1.9438114914932094,0.09874841705059056,East Asia & Pacific
Burma/Myanmar,2025,3.7371668372192226,-2.3254578398158645,East Asia & Pacific
Russia,1975,3.3894910368957363,-5.76387479767109,E. Europe & Central Asia
Russia,1985,3.384699538711532,-5.772385864107857,E. Europe & Central Asia
Russia,1995,-0.2981722798309482,-0.0022504614284133417,E. Europe & Central Asia
Russia,2005,0.4202968630828702,-1.308695344774971,E. Europe & Central Asia
Russia,2015,0.45009197330854767,-1.8309703157832717,E. Europe & Central Asia
Russia,2025,0.6398169848956906,-2.184244661181221,E. Europe & Central Asia
Albania,1975,3.276974395278915,-5.594950942843209,E. Europe & Central Asia
Albania,1985,3.2473082098998867,-5.5033414648463825,E. Europe & Central Asia
Albania,1995,-0.723998948570267,0.8922208262989426,E. Europe & Central Asia
Albania,2005,-1.3054233040771641,1.1978541663298512,E. Europe & Central Asia
Albania,2015,-1.4630289521179356,0.9816964580128098,E. Europe & Central Asia
Albania,2025,-1.4346449818573155,0.9124751104423905,E. Europe & Central Asia
Egypt,1975,1.5874943289794765,-2.2052936838557815,Middle East & N. Africa
Egypt,1985,1.5775659832992397,-2.067181377260933,Middle East & N. Africa
Egypt,1995,1.664610281948074,-1.990162401049385,Middle East & N. Africa
Egypt,2005,1.5988250527419887,-1.8825555132320022,Middle East & N. Africa
Egypt,2015,1.7078037414588771,-2.2283480451991653,Middle East & N. Africa
Egypt,2025,1.4779074642696224,-2.376667289583931,Middle East & N. Africa
Yemen,1975,2.822694495681747,-2.667347459643135,Middle East & N. Africa
Yemen,1985,3.00680752134703,-2.4456928060939407,Middle East & N. Africa
Yemen,1995,3.378783420089706,-1.1303785131862258,Middle East & N. Africa
Yemen,2005,3.1500010046996914,-1.138217239229927,Middle East & N. Africa
Yemen,2015,3.511861279968246,-1.3395593450954055,Middle East & N. Africa
Yemen,2025,3.5632099661865078,-1.3809135244777297,Middle East & N. Africa
Colombia,1975,2.003679350379928,2.90914151206707,Latin America & Caribbean
Colombia,1985,1.9797893915214382,2.8280310346195603,Latin America & Caribbean
Colombia,1995,1.6584882292785488,2.9517770721027756,Latin America & Caribbean
Colombia,2005,1.5027412328758083,2.98191139236187,Latin America & Caribbean
Colombia,2015,1.3855541799106441,3.1872850371906662,Latin America & Caribbean
Colombia,2025,1.3829184625186763,3.0643245889255906,Latin America & Caribbean
Poland,1975,3.0164610896148525,-5.975372581331978,E. Europe & Central Asia
Poland,1985,2.9521119151153408,-5.929201869814644,E. Europe & Central Asia
Poland,1995,-4.582337423797623,1.7195950461933518,E. Europe & Central Asia
Poland,2005,-4.484107061859146,1.5932110263416672,E. Europe & Central Asia
Poland,2015,-4.4801125969848785,1.588573725373497,E. Europe & Central Asia
Poland,2025,-4.5343938317260895,1.608635754735222,E. Europe & Central Asia
Brazil,1975,1.3687035296001278,-1.6516390131404495,Latin America & Caribbean
Brazil,1985,1.412879392866119,-0.19045784935260768,Latin America & Caribbean
Brazil,1995,1.073933221761211,3.4314465238163376,Latin America & Caribbean
Brazil,2005,1.0749215189256511,3.340932579190483,Latin America & Caribbean
Brazil,2015,1.0014619439729295,3.3003501607487107,Latin America & Caribbean
Brazil,2025,1.068434641126617,3.2552406503269578,Latin America & Caribbean
United States of America,1975,-5.446304365631119,-0.08756032451892848,W. Europe & N. America
United States of America,1985,-5.32144741677858,-0.15696349605823512,W. Europe & N. America
United States of America,1995,-5.325145288940445,-0.20443907245899196,W. Europe & N. America
United States of America,2005,-5.418394133087173,-0.17607036098743434,W. Europe & N. America
United States of America,2015,-5.36855320596315,-0.14035680755878444,W. Europe & N. America
United States of America,2025,-5.464511438842789,0.04271146789287572,W. Europe & N. America
Portugal,1975,-4.329726263519302,1.2209222237030173,W. Europe & N. America
Portugal,1985,-4.392908617492691,1.1847467063376809,W. Europe & N. America
Portugal,1995,-4.489966913696304,1.1301193027207757,W. Europe & N. America
Portugal,2005,-4.563676401611343,0.9757029129574204,W. Europe & N. America
Portugal,2015,-4.477613016601578,1.1046508862087632,W. Europe & N. America
Portugal,2025,-4.14300446176149,1.146571976543417,W. Europe & N. America
El Salvador,1975,3.8355717215576015,-1.846527604906807,Latin America & Caribbean
El Salvador,1985,3.526847318176254,-1.4950237558772659,Latin America & Caribbean
El Salvador,1995,2.2734517607726894,3.2428359700748826,Latin America & Caribbean
El Salvador,2005,2.183794454101547,3.226082534939995,Latin America & Caribbean
El Salvador,2015,2.044846013549789,3.260508985669365,Latin America & Caribbean
El Salvador,2025,1.603222146991714,-1.227821616976509,Latin America & Caribbean
South Yemen,1975,-0.1238810267410434,-1.1259835050990676,Middle East & N. Africa
South Yemen,1985,-0.1420927491150058,-1.1272013472011184,Middle East & N. Africa
Bangladesh,1975,1.8316167149581752,-1.1519818590571975,East Asia & Pacific
Bangladesh,1985,1.6726502332725368,-1.0968413637569046,East Asia & Pacific
Bangladesh,1995,1.7138109955825649,-0.5358311222484207,East Asia & Pacific
Bangladesh,2005,1.6883161220588527,-0.5812406824519729,East Asia & Pacific
Bangladesh,2015,1.8870400342979274,-0.745427875368843,East Asia & Pacific
Bangladesh,2025,1.7061944160499416,-0.49069633945728297,East Asia & Pacific
Bolivia,1975,3.011429265502914,-2.7842777059962844,Latin America & Caribbean
Bolivia,1985,1.7715299878158413,3.2749170972416306,Latin America & Caribbean
Bolivia,1995,1.6762871298827968,3.6562108708927537,Latin America & Caribbean
Bolivia,2005,1.5427907857932888,3.537476987988701,Latin America & Caribbean
Bolivia,2015,1.6050610694923244,3.465960474164238,Latin America & Caribbean
Bolivia,2025,1.6216930303611599,3.4375638677189255,Latin America & Caribbean
Haiti,1975,4.053856328491196,-2.328395395128975,Latin America & Caribbean
Haiti,1985,3.840869143966659,-2.13808372482563,Latin America & Caribbean
Haiti,1995,3.2285115275420986,0.1897781802723313,Latin America & Caribbean
Haiti,2005,3.2722970995941005,0.17807981506084447,Latin America & Caribbean
Haiti,2015,3.4166101965942226,0.06105384364818578,Latin America & Caribbean
Haiti,2025,3.2276048216857753,0.03975555434917455,Latin America & Caribbean
Honduras,1975,2.8449689898528896,-1.3657331751277542,Latin America & Caribbean
Honduras,1985,2.551523283485397,3.2951359464237595,Latin America & Caribbean
Honduras,1995,2.542043164733871,3.2322187139103318,Latin America & Caribbean
Honduras,2005,2.466009334091171,3.335167141110649,Latin America & Caribbean
Honduras,2015,2.524801567558273,3.148028583676567,Latin America & Caribbean
Honduras,2025,2.1964778456725917,2.9035408212253953,Latin America & Caribbean
Mali,1975,1.980634406570419,-2.0209389017512893,Sub-Saharan Africa
Mali,1985,2.090248182777389,-1.9294827269008255,Sub-Saharan Africa
Mali,1995,1.9289849553146206,1.7032301737377549,Sub-Saharan Africa
Mali,2005,1.9709232602157436,1.649742485434761,Sub-Saharan Africa
Mali,2015,2.0230053219833217,1.526994468123665,Sub-Saharan Africa
Mali,2025,2.146843150619491,1.0811965627977753,Sub-Saharan Africa
Pakistan,1975,2.8840026412048183,0.7972004725048447,East Asia & Pacific
Pakistan,1985,2.9924456629791103,0.7415687455246354,East Asia & Pacific
Pakistan,1995,2.9848411831893764,0.9149221493313218,East Asia & Pacific
Pakistan,2005,3.020283893112167,0.8446522964546586,East Asia & Pacific
Pakistan,2015,2.9602652344741665,0.8973030163357163,East Asia & Pacific
Pakistan,2025,3.0235065970458828,0.7954026772091294,East Asia & Pacific
Peru,1975,1.8842015419044338,-0.8503902243068313,Latin America & Caribbean
Peru,1985,1.1016358513274036,1.4665791107723618,Latin America & Caribbean
Peru,1995,1.2182206664123378,1.0298415584871674,Latin America & Caribbean
Peru,2005,1.6642339978256069,3.617018194348564,Latin America & Caribbean
Peru,2015,1.8082849535980068,3.6985170556614304,Latin America & Caribbean
Peru,2025,1.954755500320419,3.648488016278496,Latin America & Caribbean
Senegal,1975,1.6051599535980068,1.5979669703552628,Sub-Saharan Africa
Senegal,1985,1.4526792023219905,1.6117465807506943,Sub-Saharan Africa
Senegal,1995,1.7947830114402614,1.6465051783630753,Sub-Saharan Africa
Senegal,2005,1.754907265666946,1.714198441655388,Sub-Saharan Africa
Senegal,2015,1.7668984088935695,1.7561574889728928,Sub-Saharan Africa
Senegal,2025,1.500956192974075,1.9454511715481186,Sub-Saharan Africa
South Sudan,2015,3.3995415720977626,-2.1805341528346633,Sub-Saharan Africa
South Sudan,2025,3.426146701339706,-2.229805259554634,Sub-Saharan Africa
Sudan,1975,2.9493821415939174,-2.034398584215889,Sub-Saharan Africa
Sudan,1985,2.49088270998381,-0.7998471544673538,Sub-Saharan Africa
Sudan,1995,3.410282567504867,-2.2720029638698196,Sub-Saharan Africa
Sudan,2005,3.3818861994781337,-1.7528941915919876,Sub-Saharan Africa
Sudan,2015,3.373465970520004,-1.892900733797798,Sub-Saharan Africa
Sudan,2025,3.3323394808807216,-1.725464372484932,Sub-Saharan Africa
Vietnam,1975,2.756739691261276,-5.249879627077828,East Asia & Pacific
Vietnam,1985,2.755051091674789,-5.093172340243111,East Asia & Pacific
Vietnam,1995,2.754757836822494,-4.935499935000191,East Asia & Pacific
Vietnam,2005,2.69612796640776,-4.941107063143502,East Asia & Pacific
Vietnam,2015,2.7048747096099697,-4.945003776400338,East Asia & Pacific
Vietnam,2025,2.7305925641097866,-4.994833736269722,East Asia & Pacific
Republic of Vietnam,1975,2.19432087278746,-0.06582286819721217,East Asia & Pacific
Afghanistan,1975,2.8516741547622524,-2.3821640299251174,East Asia & Pacific
Afghanistan,1985,3.2561108622588955,-2.2775707529475784,East Asia & Pacific
Afghanistan,1995,3.274047330383285,-2.399959592669258,East Asia & Pacific
Afghanistan,2005,3.432339147094711,-0.011523990481147717,East Asia & Pacific
Afghanistan,2015,3.4688205275573574,0.1305283023426438,East Asia & Pacific
Afghanistan,2025,3.323936418060287,-2.818297176211128,East Asia & Pacific
Argentina,1975,1.6285773072280727,3.083802671582451,Latin America & Caribbean
Argentina,1985,0.8059938851632916,3.458357305676689,Latin America & Caribbean
Argentina,1995,1.0064570888765894,3.4757148934910203,Latin America & Caribbean
Argentina,2005,0.9871320489450165,3.492876739651909,Latin America & Caribbean
Argentina,2015,0.9659665994235122,3.537174434811821,Latin America & Caribbean
Argentina,2025,0.9496026042737805,3.575333089978447,Latin America & Caribbean
Ethiopia,1975,3.10343952513121,-2.9095385359218215,Sub-Saharan Africa
Ethiopia,1985,3.1281394515075527,-2.91360977157856,Sub-Saharan Africa
Ethiopia,1995,1.9859567437209926,-0.7989657209804153,Sub-Saharan Africa
Ethiopia,2005,1.9361665997543178,-0.7233937071254348,Sub-Saharan Africa
Ethiopia,2015,2.0495004210510097,-0.7004148052623367,Sub-Saharan Africa
Ethiopia,2025,2.1476070437469326,-0.614037780611763,Sub-Saharan Africa
India,1975,0.7508426759281003,2.069029183537712,East Asia & Pacific
India,1985,0.7762420628108823,2.1635378314564133,East Asia & Pacific
India,1995,0.8017329428233945,2.2193668796131516,East Asia & Pacific
India,2005,0.8008086386957013,2.248079271466484,East Asia & Pacific
India,2015,0.8218387815990292,2.013166875989189,East Asia & Pacific
India,2025,0.9554054405429208,1.0813082619020844,East Asia & Pacific
Kenya,1975,1.7413950119056545,-1.6530914591243362,Sub-Saharan Africa
Kenya,1985,1.84835101700209,-1.4877813146998977,Sub-Saharan Africa
Kenya,1995,1.283609852556213,-0.0646604584148025,Sub-Saharan Africa
Kenya,2005,0.8870260123052441,1.4891819073269272,Sub-Saharan Africa
Kenya,2015,1.0286159891524158,2.358141632230034,Sub-Saharan Africa
Kenya,2025,1.1858931187429271,2.4482021047184372,Sub-Saharan Africa
North Korea,1975,4.16263313627623,-4.5368826673915486,East Asia & Pacific
North Korea,1985,4.25364179945372,-4.598426608889351,East Asia & Pacific
North Korea,1995,4.299426749710068,-4.637201099245797,East Asia & Pacific
North Korea,2005,4.26726074552916,-4.606169967501412,East Asia & Pacific
North Korea,2015,4.261439755920395,-4.636840610354195,East Asia & Pacific
North Korea,2025,4.2655937228240814,-4.593351631014595,East Asia & Pacific
South Korea,1975,2.023469880584701,-2.046884803622017,East Asia & Pacific
South Korea,1985,1.8395567092933498,-1.9678089903285598,East Asia & Pacific
South Korea,1995,-3.8638658966980137,1.6953577114651108,East Asia & Pacific
South Korea,2005,-3.9031272377929844,1.720306427628746,East Asia & Pacific
South Korea,2015,-3.8665490593872227,1.614736200721016,East Asia & Pacific
South Korea,2025,-3.8908644165954747,1.649363042266121,East Asia & Pacific
Kosovo,2005,-1.4648688282928624,0.6193322254726792,E. Europe & Central Asia
Kosovo,2015,-1.571684404846207,0.6085008098194504,E. Europe & Central Asia
Kosovo,2025,-1.6535108532867588,0.6379967047283555,E. Europe & Central Asia
Lebanon,1975,3.160524323944076,0.20466897025798803,Middle East & N. Africa
Lebanon,1985,3.201960042480453,0.10945889487957006,Middle East & N. Africa
Lebanon,1995,3.335854485992416,0.31431493297313695,Middle East & N. Africa
Lebanon,2005,3.267638162139877,0.2783719016621018,Middle East & N. Africa
Lebanon,2015,3.047935203079208,0.30805274978374486,Middle East & N. Africa
Lebanon,2025,3.1570274386443935,0.26930824056362157,Middle East & N. Africa
Nigeria,1975,2.5425995144882045,-0.015992669909248303,Sub-Saharan Africa
Nigeria,1985,2.4187453541793666,0.03561422363018041,Sub-Saharan Africa
Nigeria,1995,2.574770763877853,0.00966832175945287,Sub-Saharan Africa
Nigeria,2005,1.5399323854484401,2.3781923963138962,Sub-Saharan Africa
Nigeria,2015,1.511669710639938,2.414903016240349,Sub-Saharan Africa
Nigeria,2025,1.5617168102302394,2.206274242551079,Sub-Saharan Africa
Philippines,1975,2.8064672503509365,-2.504564790575752,East Asia & Pacific
Philippines,1985,2.7108598504104457,-2.0631609247615432,East Asia & Pacific
Philippines,1995,1.7886582169570766,2.6631246520588303,East Asia & Pacific
Philippines,2005,1.7463016662635646,2.6451319171497727,East Asia & Pacific
Philippines,2015,1.7126705799140773,2.7415548278400803,East Asia & Pacific
Philippines,2025,1.8747305426635585,2.6083761169025803,East Asia & Pacific
Tanzania,1975,0.2806347761192166,0.05871138110851293,Sub-Saharan Africa
Tanzania,1985,0.20918633079908722,0.1682809306690598,Sub-Saharan Africa
Tanzania,1995,0.06599403953932159,0.9372518374035264,Sub-Saharan Africa
Tanzania,2005,0.13779468870542877,1.3803444816181565,Sub-Saharan Africa
Tanzania,2015,0.18054814672850006,1.2615424929568673,Sub-Saharan Africa
Tanzania,2025,0.17863698339842193,1.0148586495230103,Sub-Saharan Africa
Taiwan,1975,2.0471262488403164,-2.1969228075435256,East Asia & Pacific
Taiwan,1985,1.9179733548202358,-2.290328531115303,East Asia & Pacific
Taiwan,1995,-3.5179443802795567,1.6854819072792435,East Asia & Pacific
Taiwan,2005,-3.7503161873779454,1.754080624730339,East Asia & Pacific
Taiwan,2015,-3.7409964051208653,1.646217049510231,East Asia & Pacific
Taiwan,2025,-3.8689737763366856,1.5818732096264267,East Asia & Pacific
Thailand,1975,1.8344282660522304,-0.32132580742145533,East Asia & Pacific
Thailand,1985,1.6715739522018276,-0.017951755373725842,East Asia & Pacific
Thailand,1995,1.5113909993209682,0.29306164518093114,East Asia & Pacific
Thailand,2005,1.4410773966350399,0.40322068467830663,East Asia & Pacific
Thailand,2015,1.8299234066047512,-0.305617837755928,East Asia & Pacific
Thailand,2025,1.552171007160171,0.17142745986675267,East Asia & Pacific
Uganda,1975,3.3850624117889248,-2.7313206480434036,Sub-Saharan Africa
Uganda,1985,2.7289545092620693,-1.5534344004085159,Sub-Saharan Africa
Uganda,1995,0.9746755681820952,0.17627498641704564,Sub-Saharan Africa
Uganda,2005,1.0544786531367145,-0.03605905041004176,Sub-Saharan Africa
Uganda,2015,1.1244618151225887,-0.1885533617427444,Sub-Saharan Africa
Uganda,2025,1.3166364285983883,-0.28392651542926783,Sub-Saharan Africa
Venezuela,1975,1.579080120090469,3.7411105348179245,Latin America & Caribbean
Venezuela,1985,1.612417236331924,3.77646967902874,Latin America & Caribbean
Venezuela,1995,1.5741119537391506,3.6736683560917283,Latin America & Caribbean
Venezuela,2005,1.4510584030189357,-0.6484626816203689,Latin America & Caribbean
Venezuela,2015,1.6228661093749843,-0.6323705004146194,Latin America & Caribbean
Venezuela,2025,3.285200074676498,-1.3724057959010696,Latin America & Caribbean
Benin,1975,1.988342836860641,-2.141954688875923,Sub-Saharan Africa
Benin,1985,2.174351171020492,-2.0608110712459182,Sub-Saharan Africa
Benin,1995,1.596540406707748,1.949894697816124,Sub-Saharan Africa
Benin,2005,1.5644445571937404,1.9667474938938523,Sub-Saharan Africa
Benin,2015,1.5599050674476467,1.9844779087612534,Sub-Saharan Africa
Benin,2025,0.8388313058652722,1.709498734624138,Sub-Saharan Africa
Bhutan,1975,-0.44563452863313324,-0.9769454286983108,East Asia & Pacific
Bhutan,1985,-0.47754447126008637,-0.9352543638637161,East Asia & Pacific
Bhutan,1995,-0.4498813595733798,-0.9842334078242874,East Asia & Pacific
Bhutan,2005,-0.5568578686676181,-0.8409707830836868,East Asia & Pacific
Bhutan,2015,-0.9014519896469272,2.3236638022968674,East Asia & Pacific
Bhutan,2025,-1.1678669896087803,1.939842493684044,East Asia & Pacific
Burkina Faso,1975,1.4818484637775264,-1.5011399076869583,Sub-Saharan Africa
Burkina Faso,1985,1.5074789080657802,-1.7253344343593215,Sub-Saharan Africa
Burkina Faso,1995,2.159802869323715,1.2393351434180642,Sub-Saharan Africa
Burkina Faso,2005,1.9592958245315395,1.554383726269951,Sub-Saharan Africa
Burkina Faso,2015,1.83376361465834,1.713767202050438,Sub-Saharan Africa
Burkina Faso,2025,1.645580843452438,-1.6422536657741165,Sub-Saharan Africa
Cambodia,1975,3.477291539672836,-3.305392532198677,East Asia & Pacific
Cambodia,1985,4.089630321029648,-2.601316480486641,East Asia & Pacific
Cambodia,1995,2.107860044006332,-0.9015376852443313,East Asia & Pacific
Cambodia,2005,2.0741375241317592,-0.8309493349483108,East Asia & Pacific
Cambodia,2015,2.1265533719100795,-0.923880605547676,East Asia & Pacific
Cambodia,2025,2.216624930862411,-1.0093763159206008,East Asia & Pacific
Indonesia,1975,2.153955057624801,-2.1901386068751907,East Asia & Pacific
Indonesia,1985,2.2357794795074306,-2.1854379461696243,East Asia & Pacific
Indonesia,1995,2.2371804270782314,-2.1055314825465774,East Asia & Pacific
Indonesia,2005,1.3840899322070919,2.8529412461826706,East Asia & Pacific
Indonesia,2015,1.3553182635345302,2.8847819282123948,East Asia & Pacific
Indonesia,2025,1.5159948620834194,2.830915422589531,East Asia & Pacific
Mozambique,1975,2.858503058914169,-3.458193569033394,Sub-Saharan Africa
Mozambique,1985,2.9355165514983974,-3.200928478091011,Sub-Saharan Africa
Mozambique,1995,0.1800176057853543,0.781445504576912,Sub-Saharan Africa
Mozambique,2005,0.2177409682311856,1.018852130920639,Sub-Saharan Africa
Mozambique,2015,0.20093591547392242,0.8667736364910508,Sub-Saharan Africa
Mozambique,2025,1.154390812281593,-0.3613080070903396,Sub-Saharan Africa
Nepal,1975,2.7332815680541835,-2.363737134783516,East Asia & Pacific
Nepal,1985,2.9084736857452236,-2.101335792391548,East Asia & Pacific
Nepal,1995,1.1435333046951137,1.330524811000576,East Asia & Pacific
Nepal,2005,1.3996179554500423,1.0365683151791,East Asia & Pacific
Nepal,2015,0.4297077808418118,2.055741639287224,East Asia & Pacific
Nepal,2025,0.29367585516355865,2.5131439878055954,East Asia & Pacific
Nicaragua,1975,3.8631248030700527,-1.9078591154506301,Latin America & Caribbean
Nicaragua,1985,1.7478460822143398,-0.3139585541179275,Latin America & Caribbean
Nicaragua,1995,1.6435139927902065,3.719270439297905,Latin America & Caribbean
Nicaragua,2005,1.9838557395973049,3.4303786470005417,Latin America & Caribbean
Nicaragua,2015,1.4357004616298519,-0.8640444563319778,Latin America & Caribbean
Nicaragua,2025,4.173934176925644,-3.3156097219874954,Latin America & Caribbean
Niger,1975,2.1306310448684536,-2.4855723665645217,Sub-Saharan Africa
Niger,1985,2.0813269171752773,-2.466614274828682,Sub-Saharan Africa
Niger,1995,1.8798370513954006,1.3547915233681107,Sub-Saharan Africa
Niger,2005,1.9005967531242214,1.4225724948952103,Sub-Saharan Africa
Niger,2015,1.878615692619308,1.5755011452743912,Sub-Saharan Africa
Niger,2025,1.8643612418212734,1.2535056485245133,Sub-Saharan Africa
Zambia,1975,0.34854812956236236,-0.18739035591388697,Sub-Saharan Africa
Zambia,1985,0.32632501459501617,-0.10850933059955592,Sub-Saharan Africa
Zambia,1995,0.31528957224272125,1.4858341528484726,Sub-Saharan Africa
Zambia,2005,0.24326445198438995,1.6225916458675766,Sub-Saharan Africa
Zambia,2015,0.30926384067915313,1.4314945502588654,Sub-Saharan Africa
Zambia,2025,0.42226453161619537,1.5227996422359849,Sub-Saharan Africa
Zimbabwe,1975,3.3621971163787685,-1.7367165373256301,Sub-Saharan Africa
Zimbabwe,1985,0.8388842794933163,0.024563164860954334,Sub-Saharan Africa
Zimbabwe,1995,0.998139732878729,-0.15039244159961696,Sub-Saharan Africa
Zimbabwe,2005,1.0934515301027141,-0.23184481128955836,Sub-Saharan Africa
Zimbabwe,2015,1.0484119359292827,-0.22856369480396266,Sub-Saharan Africa
Zimbabwe,2025,1.1194830391445003,-0.33613231643939967,Sub-Saharan Africa
Guinea,1975,4.331619218353256,-3.330649165957222,Sub-Saharan Africa
Guinea,1985,2.7461136136092983,-2.669329194872627,Sub-Saharan Africa
Guinea,1995,2.948564604286178,-0.7552811191966629,Sub-Saharan Africa
Guinea,2005,3.0868835005798183,-0.7246302650859451,Sub-Saharan Africa
Guinea,2015,3.0609466586150966,-0.35676565632129664,Sub-Saharan Africa
Guinea,2025,3.06053443289183,-0.5934371040752029,Sub-Saharan Africa
Ivory Coast,1975,2.0031090531387172,-1.7829232500484085,Sub-Saharan Africa
Ivory Coast,1985,1.9871397767104946,-1.7289877222468948,Sub-Saharan Africa
Ivory Coast,1995,2.524875358108505,0.7220945371696854,Sub-Saharan Africa
Ivory Coast,2005,2.300437406066879,1.152042237521162,Sub-Saharan Africa
Ivory Coast,2015,2.1415032897033535,1.2713380022356415,Sub-Saharan Africa
Ivory Coast,2025,2.257438376907333,1.1588754816362763,Sub-Saharan Africa
Mauritania,1975,2.5274071249999843,-1.6161663816859817,Sub-Saharan Africa
Mauritania,1985,2.764391616348251,-2.3971088217189407,Sub-Saharan Africa
Mauritania,1995,2.7863457951583706,-1.1885552690913772,Sub-Saharan Africa
Mauritania,2005,2.6828423295059047,-1.0095072077205276,Sub-Saharan Africa
Mauritania,2015,2.6897258315124355,-0.9884288595607376,Sub-Saharan Africa
Mauritania,2025,2.5999086651840053,-0.9613807485988235,Sub-Saharan Africa
Canada,1975,-6.068819090362564,0.5533276511738205,W. Europe & N. America
Canada,1985,-5.886688276763931,0.5308804227421189,W. Europe & N. America
Canada,1995,-5.921293779846207,0.46924415364955907,W. Europe & N. America
Canada,2005,-5.827534243103043,0.6407008482525254,W. Europe & N. America
Canada,2015,-5.9478226151428375,0.49669352308010106,W. Europe & N. America
Canada,2025,-5.96366982125856,0.4795985533306504,W. Europe & N. America
Australia,1975,-6.249497934814468,0.8834800733635331,W. Europe & N. America
Australia,1985,-6.227311178680435,0.8942739380905533,W. Europe & N. America
Australia,1995,-6.352504297729507,0.8973235501358414,W. Europe & N. America
Australia,2005,-6.3136415924987945,0.8597528649876023,W. Europe & N. America
Australia,2015,-5.94619516992189,0.7889980687210465,W. Europe & N. America
Australia,2025,-6.010285898681656,0.6481319381306077,W. Europe & N. America
Botswana,1975,-0.15360872411347992,2.341318698079338,Sub-Saharan Africa
Botswana,1985,-0.17822162770845063,2.324953885228386,Sub-Saharan Africa
Botswana,1995,-0.17714981698609955,2.240566940457573,Sub-Saharan Africa
Botswana,2005,-0.28227369451142914,2.3045327378818894,Sub-Saharan Africa
Botswana,2015,-0.2669016566238559,2.2653951360294724,Sub-Saharan Africa
Botswana,2025,-0.10806767606355316,2.20737925306057,Sub-Saharan Africa
Burundi,1975,1.8007602844276271,-2.4721939848353958,Sub-Saharan Africa
Burundi,1985,1.5379871282615505,-2.5048640058925247,Sub-Saharan Africa
Burundi,1995,2.1475675854720913,-0.23890510067249293,Sub-Saharan Africa
Burundi,2005,2.0965389761962734,-0.39807501301074977,Sub-Saharan Africa
Burundi,2015,3.027960494522079,-1.2850544737269973,Sub-Saharan Africa
Burundi,2025,1.5563103709258876,-2.0354309366633987,Sub-Saharan Africa
Cape Verde,1975,-0.26928751134492523,-0.7021388100078201,Sub-Saharan Africa
Cape Verde,1985,-0.3887864794693149,-0.5227170275142288,Sub-Saharan Africa
Cape Verde,1995,-1.5360744442901768,1.750238628537407,Sub-Saharan Africa
Cape Verde,2005,-1.4825170483551182,1.6855910433838273,Sub-Saharan Africa
Cape Verde,2015,-1.4530868973694004,1.7297090007374192,Sub-Saharan Africa
Cape Verde,2025,-1.3783691372833409,1.6803836537907029,Sub-Saharan Africa
Central African Republic,1975,2.834254816535934,-2.8483031080653762,Sub-Saharan Africa
Central African Republic,1985,2.4931557927169643,-2.518466262667427,Sub-Saharan Africa
Central African Republic,1995,2.788178280357345,0.084455461652031,Sub-Saharan Africa
Central African Republic,2005,2.9526230845489345,-0.28017285331989283,Sub-Saharan Africa
Central African Republic,2015,3.0813674483337246,-0.12197032436634059,Sub-Saharan Africa
Central African Republic,2025,3.327241853240951,-0.3491802500178909,Sub-Saharan Africa
Chile,1975,2.555233434204086,-2.7598068998744583,Latin America & Caribbean
Chile,1985,2.3437625918426357,-2.756463079302559,Latin America & Caribbean
Chile,1995,-4.988672300811783,0.15031585231517797,Latin America & Caribbean
Chile,2005,-4.998004003997818,0.09253081813549047,Latin America & Caribbean
Chile,2015,-5.074486299987808,0.051403494031181385,Latin America & Caribbean
Chile,2025,-5.062746569152847,0.0213916017124558,Latin America & Caribbean
Costa Rica,1975,-4.9299979653320465,-0.5717953728129959,Latin America & Caribbean
Costa Rica,1985,-5.0276942696533355,-0.5204052017619705,Latin America & Caribbean
Costa Rica,1995,-5.065109774108902,-0.5001265095164871,Latin America & Caribbean
Costa Rica,2005,-5.061301752563492,-0.43816187843585963,Latin America & Caribbean
Costa Rica,2015,-4.996325537200943,-0.48824480041767115,Latin America & Caribbean
Costa Rica,2025,-5.025847002502457,-0.42900434002185817,Latin America & Caribbean
Timor-Leste,1975,3.702720836166366,-2.023134975283394,East Asia & Pacific
Timor-Leste,1985,3.677778438095077,-2.3443086431911087,East Asia & Pacific
Timor-Leste,1995,3.5659837279357753,-2.2293975637843704,East Asia & Pacific
Timor-Leste,2005,-0.9460210051498569,1.7473236037800217,East Asia & Pacific
Timor-Leste,2015,-1.0689886059723057,1.6581549061844254,East Asia & Pacific
Timor-Leste,2025,-1.0615644898376622,1.7763012363026047,East Asia & Pacific
Ecuador,1975,2.4427595887222133,-0.12784913048053737,Latin America & Caribbean
Ecuador,1985,2.2028667483367763,3.373771639020195,Latin America & Caribbean
Ecuador,1995,2.055877760414108,3.4998712255070115,Latin America & Caribbean
Ecuador,2005,1.9578383121528469,3.521487922818413,Latin America & Caribbean
Ecuador,2015,1.8297033462562404,3.4951455308506394,Latin America & Caribbean
Ecuador,2025,2.136277750495895,3.358031721265068,Latin America & Caribbean
France,1975,-5.106155439849869,0.7448482228824997,W. Europe & N. America
France,1985,-5.005575701232925,0.8216997696468735,W. Europe & N. America
France,1995,-5.031725927825943,0.7963557852814103,W. Europe & N. America
France,2005,-5.005209013458267,0.825469226987114,W. Europe & N. America
France,2015,-5.029701754089371,0.8015129579613114,W. Europe & N. America
France,2025,-5.005555197235123,0.8433114899704361,W. Europe & N. America
Germany,1975,-7.71847300195314,2.222138257176628,W. Europe & N. America
Germany,1985,-7.914984270568863,2.2024588300297165,W. Europe & N. America
Germany,1995,-7.835533663269058,2.236968727261772,W. Europe & N. America
Germany,2005,-7.928988024230972,2.265661688000908,W. Europe & N. America
Germany,2015,-7.93329291009523,2.235163779408684,W. Europe & N. America
Germany,2025,-7.834939524169937,2.22842964664196,W. Europe & N. America
Guatemala,1975,3.8259539160766445,-1.8746822164943313,Latin America & Caribbean
Guatemala,1985,3.635832742218002,-1.5683000372340774,Latin America & Caribbean
Guatemala,1995,2.345094398025497,2.8235807134220505,Latin America & Caribbean
Guatemala,2005,2.359444573883041,3.050118179471245,Latin America & Caribbean
Guatemala,2015,2.2590723786392055,2.9857047511646653,Latin America & Caribbean
Guatemala,2025,2.303970292572006,3.1212621642658616,Latin America & Caribbean
Iran,1975,1.5348692092933498,-2.914203910677681,Middle East & N. Africa
Iran,1985,1.2755623314418636,-2.9423473165919876,Middle East & N. Africa
Iran,1995,1.193838522199615,-2.8949959562709426,Middle East & N. Africa
Iran,2005,1.112762153510078,-2.9320833967616653,Middle East & N. Africa
Iran,2015,1.146231010917648,-2.8403837965419387,Middle East & N. Africa
Iran,2025,1.20901936328791,-2.9004371450831985,Middle East & N. Africa
Iraq,1975,2.9481755051650844,-3.0342614935329055,Middle East & N. Africa
Iraq,1985,4.2686988863983,-3.3460171507289505,Middle East & N. Africa
Iraq,1995,4.2952358279266205,-3.389874725191841,Middle East & N. Africa
Iraq,2005,3.1980590376891933,0.372191639096489,Middle East & N. Africa
Iraq,2015,3.129975751403793,0.4096805764744187,Middle East & N. Africa
Iraq,2025,2.938429907325729,0.36301013961528783,Middle East & N. Africa
Ireland,1975,-6.023922964569107,1.261329428703537,W. Europe & N. America
Ireland,1985,-6.133487745758072,1.3178032426545525,W. Europe & N. America
Ireland,1995,-6.143718763824478,1.4387389583895112,W. Europe & N. America
Ireland,2005,-6.211792990203873,1.4406586898872757,W. Europe & N. America
Ireland,2015,-6.196663900848404,1.4788623465607071,W. Europe & N. America
Ireland,2025,-6.289715334411636,1.7957214428493882,W. Europe & N. America
Italy,1975,-4.792113825317398,1.759824605138054,W. Europe & N. America
Italy,1985,-4.753157660003677,1.854625971467247,W. Europe & N. America
Italy,1995,-4.784993216033951,1.9908355785915757,W. Europe & N. America
Italy,2005,-4.798119112487808,1.8925313664982224,W. Europe & N. America
Italy,2015,-4.697894617553726,1.8884966088840867,W. Europe & N. America
Italy,2025,-4.695121809478775,1.8364406539509202,W. Europe & N. America
Jordan,1975,0.8250745538511121,-2.1891713426997756,Middle East & N. Africa
Jordan,1985,0.40172334051512115,-1.6991603659083938,Middle East & N. Africa
Jordan,1995,0.27975453472517364,-1.4386360929896926,Middle East & N. Africa
Jordan,2005,0.28313203192137115,-1.2927279756953811,Middle East & N. Africa
Jordan,2015,0.31212516165159576,-1.2414248274257278,Middle East & N. Africa
Jordan,2025,0.31701065636061065,-1.3305166052272415,Middle East & N. Africa
Latvia,1995,-2.9204361882171788,1.428699897081604,E. Europe & Central Asia
Latvia,2005,-4.534700438018814,2.1015456630298996,E. Europe & Central Asia
Latvia,2015,-4.660031839843765,2.187336833626976,E. Europe & Central Asia
Latvia,2025,-4.716612383361832,2.1323108984539414,E. Europe & Central Asia
Lesotho,1975,1.371401325229629,-1.36128666862751,Sub-Saharan Africa
Lesotho,1985,1.320982888702377,-1.3295331285884475,Sub-Saharan Africa
Lesotho,1995,-0.06503526830293305,1.2667913077781106,Sub-Saharan Africa
Lesotho,2005,-0.35082773828126557,1.4337861104319,Sub-Saharan Africa
Lesotho,2015,-0.3907838311157382,1.4447001977274323,Sub-Saharan Africa
Lesotho,2025,-0.5704560723266757,1.5595898343632126,Sub-Saharan Africa
Liberia,1975,2.264400676254257,-1.4882509993007278,Sub-Saharan Africa
Liberia,1985,2.2982030663528286,-1.2834391878535842,Sub-Saharan Africa
Liberia,1995,2.690505102638229,-0.1972675608089065,Sub-Saharan Africa
Liberia,2005,1.3446950767078243,1.7718730284283066,Sub-Saharan Africa
Liberia,2015,1.269374743465408,1.952177138478508,Sub-Saharan Africa
Liberia,2025,1.3506593856849514,1.866248936803093,Sub-Saharan Africa
Malawi,1975,1.3325776312389217,-3.9684775160243606,Sub-Saharan Africa
Malawi,1985,1.265455738071426,-3.8832509802272415,Sub-Saharan Africa
Malawi,1995,0.4460703883209073,1.590399326236,Sub-Saharan Africa
Malawi,2005,0.38215144014738434,1.5591110004494095,Sub-Saharan Africa
Malawi,2015,0.4572647962608182,1.6997913433620835,Sub-Saharan Africa
Malawi,2025,0.4972795698680722,1.720100493581047,Sub-Saharan Africa
Maldives,1975,1.438845172885879,-3.3849346922328567,East Asia & Pacific
Maldives,1985,1.4724856171645961,-3.3383906172206497,East Asia & Pacific
Maldives,1995,1.4801989350356899,-3.249169616549263,East Asia & Pacific
Maldives,2005,1.4269317541160427,-1.5668683336665725,East Asia & Pacific
Maldives,2015,1.2904537770786129,-0.09137299522663112,East Asia & Pacific
Maldives,2025,0.1293596777953946,1.810658664853325,East Asia & Pacific
Mongolia,1975,3.3001689467468105,-5.7259695814540486,E. Europe & Central Asia
Mongolia,1985,3.2627961192169033,-5.726407317965279,E. Europe & Central Asia
Mongolia,1995,-1.7648289647064366,1.3432669056961442,E. Europe & Central Asia
Mongolia,2005,-1.7925413098297276,1.3599832816431427,E. Europe & Central Asia
Mongolia,2015,-1.8814433064422764,1.282094137222519,E. Europe & Central Asia
Mongolia,2025,-1.4608059372863926,1.315706522614708,E. Europe & Central Asia
Morocco,1975,0.7912106070556485,-1.5426447676112747,Middle East & N. Africa
Morocco,1985,0.7507193837203824,-1.522903232424507,Middle East & N. Africa
Morocco,1995,0.587798074249252,-1.653717784731636,Middle East & N. Africa
Morocco,2005,0.5167323503532254,-1.3415589617183303,Middle East & N. Africa
Morocco,2015,0.608241394523605,-1.0406539724757766,Middle East & N. Africa
Morocco,2025,0.5043127093353116,-1.1527173803737258,Middle East & N. Africa
Netherlands,1975,-6.763142153259293,2.4858745051929856,W. Europe & N. America
Netherlands,1985,-6.750886961456314,2.516564221532097,W. Europe & N. America
Netherlands,1995,-6.759656950469986,2.344997854382744,W. Europe & N. America
Netherlands,2005,-6.701539560791031,2.473420829922905,W. Europe & N. America
Netherlands,2015,-6.730591818328873,2.4372788383076096,W. Europe & N. America
Netherlands,2025,-6.776465460296646,2.330738635213127,W. Europe & N. America
Panama,1975,2.5568815026321254,-1.7555277632167434,Latin America & Caribbean
Panama,1985,2.5069602284469448,-1.654480724184761,Latin America & Caribbean
Panama,1995,1.7405003461875759,3.8089976026127244,Latin America & Caribbean
Panama,2005,1.863910749916061,3.7055217935154343,Latin America & Caribbean
Panama,2015,1.750508740905746,3.7420022203037644,Latin America & Caribbean
Panama,2025,1.7350144538917385,3.8187119676182175,Latin America & Caribbean
Papua New Guinea,1975,-2.4235020127258458,3.4701685620853806,East Asia & Pacific
Papua New Guinea,1985,-2.3563559498748936,3.4631404592106247,East Asia & Pacific
Papua New Guinea,1995,-2.453954502578751,3.4780225469181443,East Asia & Pacific
Papua New Guinea,2005,-2.473041817184464,3.5474688722202683,East Asia & Pacific
Papua New Guinea,2015,-2.444407030578629,3.5064868642399216,East Asia & Pacific
Papua New Guinea,2025,-2.451146646972672,3.4976906491825486,East Asia & Pacific
Qatar,1975,1.1483801010885082,-4.628316192476998,Middle East & N. Africa
Qatar,1985,1.125458389882072,-4.58635786041523,Middle East & N. Africa
Qatar,1995,1.0801170620956264,-4.672358302920113,Middle East & N. Africa
Qatar,2005,1.0690987560787044,-4.624350337832222,Middle East & N. Africa
Qatar,2015,1.0643454272188984,-4.670215396731148,Middle East & N. Africa
Qatar,2025,1.0958824980892978,-4.599355010836373,Middle East & N. Africa
Sierra Leone,1975,2.6844605956115566,-1.4806616590907669,Sub-Saharan Africa
Sierra Leone,1985,2.868629768852218,-1.6087718294551467,Sub-Saharan Africa
Sierra Leone,1995,2.673710659507736,-1.3730352209498977,Sub-Saharan Africa
Sierra Leone,2005,0.6989934597053372,1.598053695113411,Sub-Saharan Africa
Sierra Leone,2015,1.0135959427692733,1.5301393581936265,Sub-Saharan Africa
Sierra Leone,2025,0.9335082400479161,1.5610888017723465,Sub-Saharan Africa
Spain,1975,2.1599467549362026,-1.925204543917427,W. Europe & N. America
Spain,1985,-6.382720037933365,0.5584057284901047,W. Europe & N. America
Spain,1995,-6.458779856201187,0.5642163468906785,W. Europe & N. America
Spain,2005,-6.450366541381851,0.6363793326923752,W. Europe & N. America
Spain,2015,-6.491053625579849,0.5485322190830613,W. Europe & N. America
Spain,2025,-6.533443018432632,0.5901990844318772,W. Europe & N. America
Syria,1975,4.38965196943663,-3.2498252676417922,Middle East & N. Africa
Syria,1985,4.268086627487167,-3.299059181063423,Middle East & N. Africa
Syria,1995,4.3503622565307465,-3.3357255743434524,Middle East & N. Africa
Syria,2005,4.281368688110336,-3.22297838196064,Middle East & N. Africa
Syria,2015,4.389141515258774,-3.058944015352974,Middle East & N. Africa
Syria,2025,2.6850102696456752,-1.7588794516017532,Middle East & N. Africa
Tunisia,1975,1.057324894134029,-1.9711535261561965,Middle East & N. Africa
Tunisia,1985,1.0751449916400753,-2.095023183672676,Middle East & N. Africa
Tunisia,1995,0.8949014250078046,-2.2527339743068313,Middle East & N. Africa
Tunisia,2005,0.7846188250818097,-2.315318136065254,Middle East & N. Africa
Tunisia,2015,-1.737272783752457,1.4238373501608277,Middle East & N. Africa
Tunisia,2025,0.5337630066909634,-1.5615387247493362,Middle East & N. Africa
Türkiye,1975,0.8420661840476834,0.7746806456158066,Middle East & N. Africa
Türkiye,1985,0.9430648129322373,0.7405350221702958,Middle East & N. Africa
Türkiye,1995,0.8665624637045705,0.8006427599499131,Middle East & N. Africa
Türkiye,2005,0.78515379166983,0.7329585863659287,Middle East & N. Africa
Türkiye,2015,0.8298471126594388,0.4144979430744553,Middle East & N. Africa
Türkiye,2025,1.0175824653246246,-0.39323368534351344,Middle East & N. Africa
Ukraine,1995,-0.8066993203125156,0.2013089372227097,E. Europe & Central Asia
Ukraine,2005,-0.7769154753647006,0.10924932494853978,E. Europe & Central Asia
Ukraine,2015,-0.6453133072815097,0.0291125489780808,E. Europe & Central Asia
Ukraine,2025,-0.8526344742736972,0.141295643002739,E. Europe & Central Asia
United Kingdom,1975,-6.081629320617691,0.6135306669781113,W. Europe & N. America
United Kingdom,1985,-6.101950212951675,0.5608802749225998,W. Europe & N. America
United Kingdom,1995,-6.168373629089371,0.5355285717556382,W. Europe & N. America
United Kingdom,2005,-6.269197508331314,0.4715156866619492,W. Europe & N. America
United Kingdom,2015,-6.2243376221618805,0.4814018918583298,W. Europe & N. America
United Kingdom,2025,-6.087291285034195,0.5039838863918686,W. Europe & N. America
Uruguay,1975,1.639417603973373,-2.0700867460658645,Latin America & Caribbean
Uruguay,1985,-5.016071840759293,0.19055411353801732,Latin America & Caribbean
Uruguay,1995,-5.021051928039566,0.2473367168018723,Latin America & Caribbean
Uruguay,2005,-5.067898794647232,0.18976268306468969,Latin America & Caribbean
Uruguay,2015,-5.062518640991226,0.23831501737331395,Latin America & Caribbean
Uruguay,2025,-5.025923296447769,0.19237145915721898,Latin America & Caribbean
Algeria,1975,1.2854688618221126,-2.309896974413643,Middle East & N. Africa
Algeria,1985,0.8507194969692075,-1.9761534021785354,Middle East & N. Africa
Algeria,1995,0.5949686620273434,-1.672594098894844,Middle East & N. Africa
Algeria,2005,0.5114649388828122,-1.626432685702095,Middle East & N. Africa
Algeria,2015,0.554511085514053,-1.6989181326320266,Middle East & N. Africa
Algeria,2025,0.7411195490398251,-1.7665286348750686,Middle East & N. Africa
Angola,1975,3.4063980135955654,-2.5104668425014114,Sub-Saharan Africa
Angola,1985,3.372682765487655,-2.4597468660762405,Sub-Saharan Africa
Angola,1995,3.1078002009429775,-2.1620757864406204,Sub-Saharan Africa
Angola,2005,2.3106224093475185,-1.9913051412990188,Sub-Saharan Africa
Angola,2015,1.9323248419799648,-1.4555137442042922,Sub-Saharan Africa
Angola,2025,1.6757995042838894,-1.194301395266304,Sub-Saharan Africa
Armenia,1995,-0.4698951687774814,0.08618995681499486,E. Europe & Central Asia
Armenia,2005,-0.4764241423568881,-0.08044352993274684,E. Europe & Central Asia
Armenia,2015,-0.4412142481765903,-0.05536880955005641,E. Europe & Central Asia
Armenia,2025,-1.7961307015381016,0.7012113048145676,E. Europe & Central Asia
Azerbaijan,1995,0.7426788065471494,-2.6648273752620315,E. Europe & Central Asia
Azerbaijan,2005,0.6765685830154263,-2.6453357027461624,E. Europe & Central Asia
Azerbaijan,2015,0.7234873328246915,-2.7318296717097854,E. Europe & Central Asia
Azerbaijan,2025,0.7305019650497281,-2.719396381228218,E. Europe & Central Asia
Belarus,1995,-0.7153279032669223,0.4412657929966355,E. Europe & Central Asia
Belarus,2005,0.46155519819639557,-2.276672630160103,E. Europe & Central Asia
Belarus,2015,0.41313691473387115,-2.285323171465645,E. Europe & Central Asia
Belarus,2025,0.4243733439483487,-2.424126653521309,E. Europe & Central Asia
Cameroon,1975,2.72385127878569,-2.876430301516304,Sub-Saharan Africa
Cameroon,1985,2.473741606239303,-2.662158994524727,Sub-Saharan Africa
Cameroon,1995,3.0334553275146328,-0.5796591328075027,Sub-Saharan Africa
Cameroon,2005,3.0116459879913173,-0.6005981253078079,Sub-Saharan Africa
Cameroon,2015,3.0840131793060146,-0.5733024166514968,Sub-Saharan Africa
Cameroon,2025,2.9808927331008754,-0.5130157755305862,Sub-Saharan Africa
Chad,1975,3.097476914886459,-2.0416467474391555,Sub-Saharan Africa
Chad,1985,3.295008376602157,-2.4266400621821975,Sub-Saharan Africa
Chad,1995,3.291177228454574,-1.0297806547572708,Sub-Saharan Africa
Chad,2005,3.306249812606796,-1.0265889452388381,Sub-Saharan Africa
Chad,2015,3.3019337210693203,-1.003075866549263,Sub-Saharan Africa
Chad,2025,3.2782098803558193,-1.2296672151973342,Sub-Saharan Africa
China,1975,2.8506333384551845,-4.711796073763619,East Asia & Pacific
China,1985,2.7438470873870693,-4.718614368288765,East Asia & Pacific
China,1995,2.7737508568801723,-4.624925403445015,East Asia & Pacific
China,2005,2.7237360034026943,-4.676851062624703,East Asia & Pacific
China,2015,2.7967421565093837,-4.764268188326607,East Asia & Pacific
China,2025,2.8268759999313198,-4.732259063570748,East Asia & Pacific
Democratic Republic of the Congo,1975,4.192846015457138,-2.9607465551784133,Sub-Saharan Africa
Democratic Republic of the Congo,1985,4.190471604827866,-2.743615178911934,Sub-Saharan Africa
Democratic Republic of the Congo,1995,3.4904911074676357,-1.472910671084175,Sub-Saharan Africa
Democratic Republic of the Congo,2005,3.0296067748107753,-0.3285650299480056,Sub-Saharan Africa
Democratic Republic of the Congo,2015,3.2313308272399746,-0.4042339609553909,Sub-Saharan Africa
Democratic Republic of the Congo,2025,3.244759992126449,-0.29066553577686305,Sub-Saharan Africa
Republic of the Congo,1975,3.7536246333160244,-2.409842758028755,Sub-Saharan Africa
Republic of the Congo,1985,3.9318356070556484,-2.4820170687129592,Sub-Saharan Africa
Republic of the Congo,1995,2.8272046599426113,0.08794352546428685,Sub-Saharan Africa
Republic of the Congo,2005,2.5831980261840664,-1.3680608557155227,Sub-Saharan Africa
Republic of the Congo,2015,2.79694481230162,-1.3128683851649856,Sub-Saharan Africa
Republic of the Congo,2025,2.4781100306548915,-1.449670343249092,Sub-Saharan Africa
Djibouti,1975,3.883161977294906,-2.3634524630000686,Sub-Saharan Africa
Djibouti,1985,3.0287107977905117,-2.2858109758784866,Sub-Saharan Africa
Djibouti,1995,2.4448015246429287,-1.9833627031734085,Sub-Saharan Africa
Djibouti,2005,2.106080487731918,-1.6949055479457473,Sub-Saharan Africa
Djibouti,2015,2.166028097633346,-1.8491516397883987,Sub-Saharan Africa
Djibouti,2025,2.0026390109100185,-1.8350770758082962,Sub-Saharan Africa
Dominican Republic,1975,2.8189494166412197,-1.0866632746150588,Latin America & Caribbean
Dominican Republic,1985,2.5367375168838344,2.913924546391716,Latin America & Caribbean
Dominican Republic,1995,2.4790021929778896,2.997632117421379,Latin America & Caribbean
Dominican Republic,2005,2.3775246892013393,3.158463449628105,Latin America & Caribbean
Dominican Republic,2015,2.3229863200225673,3.2083069993564988,Latin America & Caribbean
Dominican Republic,2025,2.083642557624801,3.5099911405155564,Latin America & Caribbean
Eritrea,1975,3.36170311308287,-2.9535095976283645,Sub-Saharan Africa
Eritrea,1985,3.3589789423980556,-2.97794082626606,Sub-Saharan Africa
Eritrea,1995,3.0248183760680996,-3.6104901121547317,Sub-Saharan Africa
Eritrea,2005,3.3586382422485195,-3.346493034212837,Sub-Saharan Africa
Eritrea,2015,3.236848548416122,-3.3844101713588333,Sub-Saharan Africa
Eritrea,2025,3.285036042694076,-3.404609947054634,Sub-Saharan Africa
Gabon,1975,2.2485831532516323,-1.647203235476265,Sub-Saharan Africa
Gabon,1985,2.262502745155319,-1.5613436983516311,Sub-Saharan Africa
Gabon,1995,2.461722210411056,0.8482150746891404,Sub-Saharan Africa
Gabon,2005,2.527330473426803,0.8400901569435502,Sub-Saharan Africa
Gabon,2015,2.3668293509521328,1.0386752648661042,Sub-Saharan Africa
Gabon,2025,2.270675614837631,1.0002830488989258,Sub-Saharan Africa
The Gambia,1975,0.037609532836898496,0.99178411200737,Sub-Saharan Africa
The Gambia,1985,-0.06874196195222504,0.8019229485103989,Sub-Saharan Africa
The Gambia,1995,1.7483114156761013,-2.380085258333931,Sub-Saharan Africa
The Gambia,2005,1.679097369674667,-1.906194476931343,Sub-Saharan Africa
The Gambia,2015,1.6976630840339504,-1.768339662401924,Sub-Saharan Africa
The Gambia,2025,-0.26958517694093354,1.9184869839260483,Sub-Saharan Africa
Georgia,1995,0.45917393303297394,-0.20403018459583278,E. Europe & Central Asia
Georgia,2005,-1.0781672444305577,0.9960864497730637,E. Europe & Central Asia
Georgia,2015,-1.678469940658585,1.1918468749532605,E. Europe & Central Asia
Georgia,2025,-1.0607014145813145,0.5831282450268174,E. Europe & Central Asia
Guinea-Bissau,1975,2.442529872421249,-2.033927230685005,Sub-Saharan Africa
Guinea-Bissau,1985,2.8274853978195034,-2.169077186434517,Sub-Saharan Africa
Guinea-Bissau,1995,2.054710343841537,-0.27434614166522975,Sub-Saharan Africa
Guinea-Bissau,2005,2.1514111313857875,-0.01788881286884303,Sub-Saharan Africa
Guinea-Bissau,2015,1.9260398898162685,-0.019842533915290783,Sub-Saharan Africa
Guinea-Bissau,2025,2.1149073395767055,-0.2496120022227859,Sub-Saharan Africa
Jamaica,1975,-1.394933506485001,3.9174997521946335,Latin America & Caribbean
Jamaica,1985,-1.3688796009979405,3.911244363934746,Latin America & Caribbean
Jamaica,1995,-1.4369786229095616,3.8472885800907517,Latin America & Caribbean
Jamaica,2005,-1.3904195275268711,3.8356096459934617,Latin America & Caribbean
Jamaica,2015,-1.4033503975830235,3.7785291387150193,Latin America & Caribbean
Jamaica,2025,-1.2444828000030674,3.9071075631687546,Latin America & Caribbean
Kazakhstan,1995,0.6369714293517911,-2.3320284174373245,E. Europe & Central Asia
Kazakhstan,2005,0.8045577261485898,-2.454282789080391,E. Europe & Central Asia
Kazakhstan,2015,0.6502997431793057,-2.535331039278755,E. Europe & Central Asia
Kazakhstan,2025,0.6773402247466885,-2.467126636355171,E. Europe & Central Asia
Kyrgyzstan,1995,-0.23890189790345795,-0.5998602198054885,E. Europe & Central Asia
Kyrgyzstan,2005,-0.391499325271622,-0.12102809414173121,E. Europe & Central Asia
Kyrgyzstan,2015,-0.5038594450912631,-0.14279499515796656,E. Europe & Central Asia
Kyrgyzstan,2025,-0.1106894459686435,-0.877068786471138,E. Europe & Central Asia
Laos,1975,2.977278188232406,-3.021297244875679,East Asia & Pacific
Laos,1985,3.143479302886947,-4.626104621737252,East Asia & Pacific
Laos,1995,3.387342408660873,-4.88814237579609,East Asia & Pacific
Laos,2005,3.290157512191757,-4.86575296386982,East Asia & Pacific
Laos,2015,3.1618604216613613,-5.003125934450875,East Asia & Pacific
Laos,2025,3.0713712725677333,-4.915638236849556,East Asia & Pacific
Libya,1975,2.9530652318038784,-3.3009097860744094,Middle East & N. Africa
Libya,1985,3.0830664191284023,-3.331638126223335,Middle East & N. Africa
Libya,1995,3.0003459010162197,-3.299558429568062,Middle East & N. Africa
Libya,2005,2.980151728157028,-3.3128469274928665,Middle East & N. Africa
Libya,2015,3.382483199600204,-0.07172945007587428,Middle East & N. Africa
Libya,2025,3.441163495544418,-0.10280158981586451,Middle East & N. Africa
Madagascar,1975,2.0703405890502773,-1.916396646349678,Sub-Saharan Africa
Madagascar,1985,1.382316694025024,-1.9338624761989212,Sub-Saharan Africa
Madagascar,1995,1.5437089357414089,0.6155039979526902,Sub-Saharan Africa
Madagascar,2005,1.490303114418014,0.652986796052208,Sub-Saharan Africa
Madagascar,2015,1.4444050941505275,0.6962075544903183,Sub-Saharan Africa
Madagascar,2025,2.8513174805679165,-0.076530604212532,Sub-Saharan Africa
Moldova,1995,-1.0315616574249424,0.3158613158771897,E. Europe & Central Asia
Moldova,2005,-1.0869727578125157,0.3371838046619797,E. Europe & Central Asia
Moldova,2015,-1.4524977650604405,0.507545323521843,E. Europe & Central Asia
Moldova,2025,-2.266365095611588,0.9146609915802384,E. Europe & Central Asia
Namibia,1975,3.6158644709625087,-1.9457338140895462,Sub-Saharan Africa
Namibia,1985,3.454692796234115,-1.843532352297554,Sub-Saharan Africa
Namibia,1995,-0.26679782533265717,2.0857094837734604,Sub-Saharan Africa
Namibia,2005,-0.30982641839601166,2.055448086411705,Sub-Saharan Africa
Namibia,2015,-0.1778731789550937,2.1652671410152817,Sub-Saharan Africa
Namibia,2025,-0.010292991634384463,2.171007008702507,Sub-Saharan Africa
Palestine/West Bank,1975,2.875739649299606,-1.9158268259456253,Middle East & N. Africa
Palestine/West Bank,1985,2.8862956318893276,-1.9021714018275833,Middle East & N. Africa
Palestine/West Bank,1995,2.35700877046965,-0.5316224382808303,Middle East & N. Africa
Palestine/West Bank,2005,2.3381951603927456,-0.4187528179576492,Middle East & N. Africa
Palestine/West Bank,2015,2.3139072213210903,-0.5146110342433547,Middle East & N. Africa
Palestine/West Bank,2025,2.42839331961058,-0.5876099155833816,Middle East & N. Africa
Rwanda,1975,2.017331317428573,-2.675016193239937,Sub-Saharan Africa
Rwanda,1985,1.7272178087272487,-2.5815096186091995,Sub-Saharan Africa
Rwanda,1995,1.3114231679477535,-2.668737201540718,Sub-Saharan Africa
Rwanda,2005,1.1552628878393016,-2.542174129336128,Sub-Saharan Africa
Rwanda,2015,1.1497988704480968,-2.5137186335017776,Sub-Saharan Africa
Rwanda,2025,1.2080274674930416,-2.572015552370796,Sub-Saharan Africa
Somalia,1975,3.363155559066757,-3.029870776980171,Sub-Saharan Africa
Somalia,1985,4.168245986465439,-3.2013094709804153,Sub-Saharan Africa
Somalia,1995,3.7102782282867275,-0.8106372641017532,Sub-Saharan Africa
Somalia,2005,3.751524642471298,-0.7365755127360916,Sub-Saharan Africa
Somalia,2015,3.614494040969833,-0.586895971148262,Sub-Saharan Africa
Somalia,2025,3.4831826243438564,-0.28505292400623317,Sub-Saharan Africa
Sri Lanka,1975,0.6860120747127377,1.1692144697914029,East Asia & Pacific
Sri Lanka,1985,0.7981588993110501,1.1443041352937127,East Asia & Pacific
Sri Lanka,1995,0.919791192177757,1.2861534892032052,East Asia & Pacific
Sri Lanka,2005,0.8373568955697858,0.9168134643146897,East Asia & Pacific
Sri Lanka,2015,0.3879617009200894,1.3958355499813462,East Asia & Pacific
Sri Lanka,2025,-0.2506937231979526,2.1682242466518784,East Asia & Pacific
Eswatini,1975,1.9929691109695278,-3.0786531256129837,Sub-Saharan Africa
Eswatini,1985,1.9634331617393337,-3.080599574892769,Sub-Saharan Africa
Eswatini,1995,1.9449392709770046,-3.0929706381251907,Sub-Saharan Africa
Eswatini,2005,1.8963053975143276,-3.11317613586689,Sub-Saharan Africa
Eswatini,2015,1.9427550587692104,-3.0951655195643997,Sub-Saharan Africa
Eswatini,2025,1.9663089666404567,-3.101528434603462,Sub-Saharan Africa
Tajikistan,1995,2.8527890000381313,-3.447754173128853,E. Europe & Central Asia
Tajikistan,2005,2.898189381126388,-3.6534798429896926,E. Europe & Central Asia
Tajikistan,2015,3.4506396803893886,-3.8168566511561965,E. Europe & Central Asia
Tajikistan,2025,3.5107070956268154,-3.8453085707118606,E. Europe & Central Asia
Togo,1975,2.464102343086227,-2.5977702425410842,Sub-Saharan Africa
Togo,1985,2.519220784667953,-2.3497267054011917,Sub-Saharan Africa
Togo,1995,2.427636459831222,0.5272296382496262,Sub-Saharan Africa
Togo,2005,2.4237938675918422,0.7477553500244523,Sub-Saharan Africa
Togo,2015,2.3561154160537563,0.8525033606598282,Sub-Saharan Africa
Togo,2025,2.111568883422836,0.7041828347751999,Sub-Saharan Africa
Trinidad and Tobago,1975,-0.8228052105865634,3.594812841565361,Latin America & Caribbean
Trinidad and Tobago,1985,-0.9834619011840976,3.6665115071842576,Latin America & Caribbean
Trinidad and Tobago,1995,-1.1062241044006504,3.8168105794498826,Latin America & Caribbean
Trinidad and Tobago,2005,-1.05380301141359,3.8656005574772263,Latin America & Caribbean
Trinidad and Tobago,2015,-1.0369468178711094,3.834664316327324,Latin America & Caribbean
Trinidad and Tobago,2025,-1.157211109634415,3.8074392987797165,Latin America & Caribbean
Turkmenistan,1995,3.733677104476913,-4.01321914657856,E. Europe & Central Asia
Turkmenistan,2005,3.7866215262451015,-4.069671897738228,E. Europe & Central Asia
Turkmenistan,2015,3.783230021957382,-4.040707855074654,E. Europe & Central Asia
Turkmenistan,2025,3.67698426580809,-4.055825500338326,E. Europe & Central Asia
German Democratic Republic,1975,3.0915574584045253,-6.000534801333199,E. Europe & Central Asia
German Democratic Republic,1985,3.1500410590209804,-5.883084087221871,E. Europe & Central Asia
Palestine/Gaza,2015,2.572424129013046,-0.9326052950313186,Middle East & N. Africa
Palestine/Gaza,2025,2.881090596679672,-1.305953531115303,Middle East & N. Africa
Somaliland,1995,2.5654820952453457,0.11421403423046117,Sub-Saharan Africa
Somaliland,2005,2.520306423667892,0.15641388431285863,Sub-Saharan Africa
Somaliland,2015,2.3880543265380703,0.25266334548686986,Sub-Saharan Africa
Somaliland,2025,2.013131931785568,0.3513301922390366,Sub-Saharan Africa
Uzbekistan,1995,3.5027534518279873,-3.9493539617946243,E. Europe & Central Asia
Uzbekistan,2005,3.6231691393890224,-3.985422878115425,E. Europe & Central Asia
Uzbekistan,2015,3.527627423767074,-3.9741065786769485,E. Europe & Central Asia
Uzbekistan,2025,3.0098499808349453,-3.8081500814845657,E. Europe & Central Asia
Austria,1975,-5.393283888336197,1.2078062709439092,W. Europe & N. America
Austria,1985,-5.309064432617203,1.3182854069778824,W. Europe & N. America
Austria,1995,-5.121830030914322,1.379303620607605,W. Europe & N. America
Austria,2005,-5.010791822906509,1.545414180905571,W. Europe & N. America
Austria,2015,-5.075843378540054,1.3766965134451294,W. Europe & N. America
Austria,2025,-4.959322496887222,1.25078099355196,W. Europe & N. America
Bahrain,1975,2.141929343704208,-3.20163991913105,Middle East & N. Africa
Bahrain,1985,2.1904521737136684,-3.255338458864937,Middle East & N. Africa
Bahrain,1995,2.201422408584579,-3.252766399233589,Middle East & N. Africa
Bahrain,2005,2.1998489651717983,-2.977469234316597,Middle East & N. Africa
Bahrain,2015,2.1755643639602504,-3.062684326021919,Middle East & N. Africa
Bahrain,2025,2.119429901603683,-2.9030053900172805,Middle East & N. Africa
Barbados,1975,-1.3579075779876866,3.7491626454899216,Latin America & Caribbean
Barbados,1985,-1.2962782826385655,3.741595478207817,Latin America & Caribbean
Barbados,1995,-1.331055685516373,3.7314881993839646,Latin America & Caribbean
Barbados,2005,-1.3052993264160313,3.689104766995659,Latin America & Caribbean
Barbados,2015,-1.2521620240173497,3.689682216794243,Latin America & Caribbean
Barbados,2025,-1.24236182832338,3.6802987767765427,Latin America & Caribbean
Belgium,1975,-6.718158289428726,1.7849244786808396,W. Europe & N. America
Belgium,1985,-6.752956911560074,1.7771596027920151,W. Europe & N. America
Belgium,1995,-6.662937685485855,1.712214799077263,W. Europe & N. America
Belgium,2005,-6.618054911132828,1.6860575093338395,W. Europe & N. America
Belgium,2015,-6.6558914627990875,1.6558831049511338,W. Europe & N. America
Belgium,2025,-6.6354093995056305,1.6640331758568192,W. Europe & N. America
Bosnia and Herzegovina,1995,1.6780354533233486,0.1096939755985642,E. Europe & Central Asia
Bosnia and Herzegovina,2005,-1.5728681530914463,0.5111033631870652,E. Europe & Central Asia
Bosnia and Herzegovina,2015,-1.5288668122253575,0.5564635707447434,E. Europe & Central Asia
Bosnia and Herzegovina,2025,-1.490073009964005,0.5273554636547471,E. Europe & Central Asia
Bulgaria,1975,3.262467339996322,-5.953182964174996,E. Europe & Central Asia
Bulgaria,1985,3.26551432943724,-5.832202701418648,E. Europe & Central Asia
Bulgaria,1995,-2.259744926925675,1.0270051224539185,E. Europe & Central Asia
Bulgaria,2005,-2.446355148788468,0.9906499101231003,E. Europe & Central Asia
Bulgaria,2015,-2.524266764160172,0.9572366489479447,E. Europe & Central Asia
Bulgaria,2025,-2.0717208828888096,0.8772126449654007,E. Europe & Central Asia
Comoros,1975,2.8343337330856166,-1.5352564142634963,Sub-Saharan Africa
Comoros,1985,2.723996356491073,-1.3362653540065383,Sub-Saharan Africa
Comoros,1995,2.2847947630920253,0.13899526134227758,Sub-Saharan Africa
Comoros,2005,2.1180500540771328,0.3606738759586716,Sub-Saharan Africa
Comoros,2015,2.173097089294418,0.3057275725910569,Sub-Saharan Africa
Comoros,2025,2.297586277488693,-0.7730514095714187,Sub-Saharan Africa
Croatia,1995,0.7388776991405331,0.0733393146107102,E. Europe & Central Asia
Croatia,2005,-2.637235924240128,0.9213691963264847,E. Europe & Central Asia
Croatia,2015,-3.0071995701751866,0.9349895431110764,E. Europe & Central Asia
Croatia,2025,-2.5839558091125645,0.8674914850304032,E. Europe & Central Asia
Cuba,1975,3.2810537371673427,-5.846116809695015,Latin America & Caribbean
Cuba,1985,3.2865836176910244,-5.897550849764595,Latin America & Caribbean
Cuba,1995,3.3540486846008144,-5.985328464358101,Latin America & Caribbean
Cuba,2005,3.262736991409286,-6.007347373812447,Latin America & Caribbean
Cuba,2015,3.358164981369003,-6.001586704104195,Latin America & Caribbean
Cuba,2025,3.235322192672714,-5.87355211242939,Latin America & Caribbean
Cyprus,1975,-2.7044866528473057,1.9510785652706528,W. Europe & N. America
Cyprus,1985,-2.8541048016510167,1.9989699436733628,W. Europe & N. America
Cyprus,1995,-2.906569525238053,2.019466848523369,W. Europe & N. America
Cyprus,2005,-3.036600634094254,1.9837082935879136,W. Europe & N. America
Cyprus,2015,-3.1371708359680333,1.9564543081829453,W. Europe & N. America
Cyprus,2025,-3.170105978485123,1.9428059770176316,W. Europe & N. America
Czechia,1975,3.0968346152343593,-5.886538295595894,E. Europe & Central Asia
Czechia,1985,3.060308650497421,-5.882201461642037,E. Europe & Central Asia
Czechia,1995,-4.674313589569107,1.926792354733696,E. Europe & Central Asia
Czechia,2005,-4.6424990143737945,1.8369980169842148,E. Europe & Central Asia
Czechia,2015,-4.665081068511978,1.7296279384205246,E. Europe & Central Asia
Czechia,2025,-4.684124514099136,1.8795189572880173,E. Europe & Central Asia
Denmark,1975,-8.695332094665543,2.428788514287224,W. Europe & N. America
Denmark,1985,-8.731257006164567,2.3745538903782273,W. Europe & N. America
Denmark,1995,-8.67957548760988,2.358034939915886,W. Europe & N. America
Denmark,2005,-8.722232386108415,2.290067763478508,W. Europe & N. America
Denmark,2015,-8.616149469848649,2.410063476712456,W. Europe & N. America
Denmark,2025,-8.58066897058107,2.3696176721165085,W. Europe & N. America
Equatorial Guinea,1975,3.8848053965606533,-3.22341087326313,Sub-Saharan Africa
Equatorial Guinea,1985,4.055336669448837,-3.092520503847847,Sub-Saharan Africa
Equatorial Guinea,1995,4.093850806716904,-3.267297534792671,Sub-Saharan Africa
Equatorial Guinea,2005,4.019618228439316,-3.2086980627467727,Sub-Saharan Africa
Equatorial Guinea,2015,4.098050549987778,-3.2338669584682083,Sub-Saharan Africa
Equatorial Guinea,2025,4.049443439010605,-3.3025882528712844,Sub-Saharan Africa
Estonia,1995,-5.076595350738541,2.013711781651726,E. Europe & Central Asia
Estonia,2005,-5.36794285440065,2.0397911979267502,E. Europe & Central Asia
Estonia,2015,-5.30920843743898,2.061863930375328,E. Europe & Central Asia
Estonia,2025,-5.476977392669693,2.0025455667087937,E. Europe & Central Asia
Fiji,1975,-0.5903510298690952,2.9120793057987595,East Asia & Pacific
Fiji,1985,-0.6019071783981479,2.919990868718376,East Asia & Pacific
Fiji,1995,-0.5252981629333652,2.865498514325371,East Asia & Pacific
Fiji,2005,-0.5596121993026889,2.8608253909656907,East Asia & Pacific
Fiji,2015,-0.5796128954849399,3.041151852757683,East Asia & Pacific
Fiji,2025,-0.5664571967086948,3.1395839168140793,East Asia & Pacific
Finland,1975,-6.902753397460953,2.411485285908928,W. Europe & N. America
Finland,1985,-6.863793417449966,2.4498581601688767,W. Europe & N. America
Finland,1995,-6.890327021118179,2.402405114323845,W. Europe & N. America
Finland,2005,-6.889380499359146,2.3865737630436326,W. Europe & N. America
Finland,2015,-6.795650526519791,2.4162782146046067,W. Europe & N. America
Finland,2025,-6.747453257080093,2.3501344634601975,W. Europe & N. America
Greece,1975,-4.46377329492189,0.7525551034519578,W. Europe & N. America
Greece,1985,-4.61293272637941,0.8112780763218308,W. Europe & N. America
Greece,1995,-4.728224798675552,0.7832260443279648,W. Europe & N. America
Greece,2005,-4.739388033386246,0.7688891901085282,W. Europe & N. America
Greece,2015,-4.616861387725845,0.818220497519722,W. Europe & N. America
Greece,2025,-4.654953524108902,0.8020393265793229,W. Europe & N. America
Guyana,1975,0.2764217410125577,0.48991134896968846,Latin America & Caribbean
Guyana,1985,0.2557114515342557,0.3365122391292954,Latin America & Caribbean
Guyana,1995,0.022418871883376768,1.030784503967514,Latin America & Caribbean
Guyana,2005,-0.13395647668458588,1.3752848072359467,Latin America & Caribbean
Guyana,2015,-0.1690630164108432,1.5269587947437668,Latin America & Caribbean
Guyana,2025,-0.09047834539033539,1.2935910983393097,Latin America & Caribbean
Hong Kong,1975,-2.1679780926666417,2.23632976546978,East Asia & Pacific
Hong Kong,1985,-2.252359911438004,2.3205387307712937,East Asia & Pacific
Hong Kong,1995,-2.364784761901871,2.2503703548023606,East Asia & Pacific
Hong Kong,2005,-2.3571300950012364,2.1990034891674424,East Asia & Pacific
Hong Kong,2015,-2.392156406875626,2.1022821380207444,East Asia & Pacific
Hong Kong,2025,-0.7656784501037753,-0.6269340799739456,East Asia & Pacific
Iceland,1975,-6.037016436096207,1.832990081460228,W. Europe & N. America
Iceland,1985,-6.012821241851822,1.8716063214847947,W. Europe & N. America
Iceland,1995,-6.065107389923111,1.9119153334209824,W. Europe & N. America
Iceland,2005,-6.293674513336197,2.2363134337971116,W. Europe & N. America
Iceland,2015,-6.236490293975845,2.0831879092762375,W. Europe & N. America
Iceland,2025,-6.267329260345474,2.0563940121242905,W. Europe & N. America
Israel,1975,-5.442287489410416,0.595157833249321,Middle East & N. Africa
Israel,1985,-5.519565626617447,0.6595652414867783,Middle East & N. Africa
Israel,1995,-5.448730513092056,0.5857745720455552,Middle East & N. Africa
Israel,2005,-5.572377249237076,0.6695038987705613,Middle East & N. Africa
Israel,2015,-5.559318586822525,0.6087528778622056,Middle East & N. Africa
Israel,2025,-5.510719820495621,0.589480788857689,Middle East & N. Africa
Kuwait,1975,4.6242153201141205,1.2289587235460186,Middle East & N. Africa
Kuwait,1985,4.58750672674559,1.2836903272578621,Middle East & N. Africa
Kuwait,1995,4.5884511027374115,1.2617305344352627,Middle East & N. Africa
Kuwait,2005,4.611569598678574,1.2528215846428776,Middle East & N. Africa
Kuwait,2015,4.609809354309067,1.3141025690743828,Middle East & N. Africa
Kuwait,2025,4.5821127448119965,1.2560359551021958,Middle East & N. Africa
Lithuania,1995,-4.636834188934341,1.9777453853199387,E. Europe & Central Asia
Lithuania,2005,-4.782482668396011,2.0262391282627488,E. Europe & Central Asia
Lithuania,2015,-4.846658274169937,1.9698613001415635,E. Europe & Central Asia
Lithuania,2025,-4.725750490661636,2.080282540471306,E. Europe & Central Asia
Luxembourg,1975,-6.4618349518737945,2.574102850110283,W. Europe & N. America
Luxembourg,1985,-6.432986780639664,2.541415543706169,W. Europe & N. America
Luxembourg,1995,-6.461132570739761,2.6184832765171433,W. Europe & N. America
Luxembourg,2005,-6.432036444183365,2.6079601956913376,W. Europe & N. America
Luxembourg,2015,-6.429080530639664,2.5663129998752976,W. Europe & N. America
Luxembourg,2025,-6.36719708108522,2.528697462231865,W. Europe & N. America
North Macedonia,1995,-1.3560641255340733,0.8842070414135361,E. Europe & Central Asia
North Macedonia,2005,-1.6167569603881993,0.8112279488155747,E. Europe & Central Asia
North Macedonia,2015,-1.3584561791381993,0.705910117776146,E. Europe & Central Asia
North Macedonia,2025,-1.5476327385864415,0.8023393465587998,E. Europe & Central Asia
Malaysia,1975,0.5927441570796811,0.5855838371822739,East Asia & Pacific
Malaysia,1985,0.5762939903774106,0.5512867285320664,East Asia & Pacific
Malaysia,1995,0.5659179840125882,0.5401448918888474,East Asia & Pacific
Malaysia,2005,0.6481496248283231,0.5885221077511216,East Asia & Pacific
Malaysia,2015,0.653055951360687,0.6103339506695176,East Asia & Pacific
Malaysia,2025,0.48628218508146637,0.6988673521587754,East Asia & Pacific
Malta,1975,-0.7901044335327304,3.915989370496025,W. Europe & N. America
Malta,1985,-0.7810100760421909,3.849127741009941,W. Europe & N. America
Malta,1995,-0.8897500481567538,3.988975734860649,W. Europe & N. America
Malta,2005,-0.8465879406891025,3.9899010373661423,W. Europe & N. America
Malta,2015,-0.8808140006027377,3.971761198193779,W. Europe & N. America
Malta,2025,-0.9454958882293857,3.9663414670536423,W. Europe & N. America
Mauritius,1975,-1.2120688404998936,2.5391711904117966,Sub-Saharan Africa
Mauritius,1985,-1.2050159420929112,2.514460296780815,Sub-Saharan Africa
Mauritius,1995,-1.2194288220367588,2.464714856297722,Sub-Saharan Africa
Mauritius,2005,-1.257242723938004,2.4557183696339036,Sub-Saharan Africa
Mauritius,2015,-1.254275604721085,2.4480874253818894,Sub-Saharan Africa
Mauritius,2025,-1.2850406613311924,2.5871944142887497,Sub-Saharan Africa
Montenegro,2005,-1.7943313565216221,0.8374069644520188,E. Europe & Central Asia
Montenegro,2015,-1.7875800576172032,0.9056561006615067,E. Europe & Central Asia
Montenegro,2025,-2.1938403096161045,0.9364116801330948,E. Europe & Central Asia
New Zealand,1975,-6.277061029907242,1.2418910501906777,W. Europe & N. America
New Zealand,1985,-6.299266859527603,1.2270001000175381,W. Europe & N. America
New Zealand,1995,-6.295712992187515,1.228296391145339,W. Europe & N. America
New Zealand,2005,-6.353161379333511,1.3259262456009293,W. Europe & N. America
New Zealand,2015,-6.371680304046646,1.3569730831692124,W. Europe & N. America
New Zealand,2025,-6.257415815826431,1.1204865662763024,W. Europe & N. America
Norway,1975,-8.342190309997575,2.7816877080509568,W. Europe & N. America
Norway,1985,-8.329020067688004,2.7806539250919724,W. Europe & N. America
Norway,1995,-8.391164347167985,2.730071754605522,W. Europe & N. America
Norway,2005,-8.438265367980973,2.713754506261101,W. Europe & N. America
Norway,2015,-8.41482596063234,2.6902361823627854,W. Europe & N. America
Norway,2025,-8.441470667358415,2.6600051833698655,W. Europe & N. America
Oman,1975,1.1290933940448604,-4.305793075411568,Middle East & N. Africa
Oman,1985,1.165423199895843,-4.2946832464625935,Middle East & N. Africa
Oman,1995,1.1724575463571392,-4.340167789309273,Middle East & N. Africa
Oman,2005,1.0845794234313808,-4.309091834872017,Middle East & N. Africa
Oman,2015,1.033242494229301,-4.293059615938912,Middle East & N. Africa
Oman,2025,0.985982804775079,-4.398597507326851,Middle East & N. Africa
Paraguay,1975,4.152456477645859,-3.1475050733974075,Latin America & Caribbean
Paraguay,1985,4.083733514312729,-3.0304520414760208,Latin America & Caribbean
Paraguay,1995,2.386797860626205,3.3212430192539597,Latin America & Caribbean
Paraguay,2005,2.4119243178405605,3.3211507512638474,Latin America & Caribbean
Paraguay,2015,2.37782438135527,3.3332359506199265,Latin America & Caribbean
Paraguay,2025,2.467156485084518,3.2682714177677537,Latin America & Caribbean
Romania,1975,3.3037113699951015,-5.738046912997017,E. Europe & Central Asia
Romania,1985,3.227158263687118,-5.860502033083687,E. Europe & Central Asia
Romania,1995,-2.404027267929093,1.12135513261055,E. Europe & Central Asia
Romania,2005,-2.4294431652984776,1.0505064143249894,E. Europe & Central Asia
Romania,2015,-2.7434881176910557,1.112731264383545,E. Europe & Central Asia
Romania,2025,-2.748211904998795,1.0025024874517823,E. Europe & Central Asia
Sao Tome and Principe,1975,-0.35264937543489105,-1.007956533282051,Sub-Saharan Africa
Sao Tome and Principe,1985,-0.40429775380708344,-0.9382438944270706,Sub-Saharan Africa
Sao Tome and Principe,1995,-1.2909841980896153,1.6418855799744034,Sub-Saharan Africa
Sao Tome and Principe,2005,-1.3236079659423985,1.5917284204075242,Sub-Saharan Africa
Sao Tome and Principe,2015,-1.311838909622208,1.6582061661789322,Sub-Saharan Africa
Sao Tome and Principe,2025,-1.2303064312896885,1.713049919755211,Sub-Saharan Africa
Saudi Arabia,1975,1.367846593622192,-4.451617984621773,Middle East & N. Africa
Saudi Arabia,1985,1.3375445756950222,-4.518234996645699,Middle East & N. Africa
Saudi Arabia,1995,1.3201646659412227,-4.461699752657662,Middle East & N. Africa
Saudi Arabia,2005,1.4375172112026058,-4.4165680693080525,Middle East & N. Africa
Saudi Arabia,2015,1.4757815156020961,-4.3884098814418415,Middle East & N. Africa
Saudi Arabia,2025,1.295932039979919,-4.570575504153023,Middle East & N. Africa
Serbia,1975,0.3363306078948819,-0.4616304920604324,E. Europe & Central Asia
Serbia,1985,0.3975084576644742,-0.500921039431343,E. Europe & Central Asia
Serbia,1995,0.6525792632140958,-0.36669233307147975,E. Europe & Central Asia
Serbia,2005,-1.7694762196502842,0.8141352845737839,E. Europe & Central Asia
Serbia,2015,-1.5195305790863194,0.7185064865658188,E. Europe & Central Asia
Serbia,2025,-0.9316624846420444,0.487612040192833,E. Europe & Central Asia
Seychelles,1975,-0.26337675714112885,0.6115290834019089,Sub-Saharan Africa
Seychelles,1985,0.18805666304014557,0.19266650214885717,Sub-Saharan Africa
Seychelles,1995,-0.12561671399690277,1.0785286290953064,Sub-Saharan Africa
Seychelles,2005,-0.16475240850068695,1.3577458573887253,Sub-Saharan Africa
Seychelles,2015,-0.3787481036148227,1.7898117615291977,Sub-Saharan Africa
Seychelles,2025,-0.987572118278519,2.8350996686527634,Sub-Saharan Africa
Singapore,1975,-0.39890019559480316,4.856145353467216,East Asia & Pacific
Singapore,1985,-0.3797835555038608,4.875730009228935,East Asia & Pacific
Singapore,1995,-0.40362100267030365,4.858498783261528,East Asia & Pacific
Singapore,2005,-0.4408494677505649,4.82743379607891,East Asia & Pacific
Singapore,2015,-0.41046707295991547,4.836678238064994,East Asia & Pacific
Singapore,2025,-0.4155297722778476,4.837750167996635,East Asia & Pacific
Slovakia,1995,-3.210745378967301,1.1173332048962021,E. Europe & Central Asia
Slovakia,2005,-4.2263613190612945,1.4522672159979249,E. Europe & Central Asia
Slovakia,2015,-3.9215674843750157,1.3511629416057969,E. Europe & Central Asia
Slovakia,2025,-2.897893949981705,0.9556600464889908,E. Europe & Central Asia
Slovenia,1995,-4.904022261138931,1.3014524443457032,E. Europe & Central Asia
Slovenia,2005,-4.682665392395035,1.3891366286585236,E. Europe & Central Asia
Slovenia,2015,-4.706541582580582,1.2973987548062706,E. Europe & Central Asia
Slovenia,2025,-4.6224489655456695,1.3268511755773926,E. Europe & Central Asia
Solomon Islands,1975,-2.1779854741058506,2.984656663090935,East Asia & Pacific
Solomon Islands,1985,-2.171019121643082,3.1577843143055344,East Asia & Pacific
Solomon Islands,1995,-2.159872576232926,3.2790627194950486,East Asia & Pacific
Solomon Islands,2005,-2.2430983033142247,3.3166696740696335,East Asia & Pacific
Solomon Islands,2015,-2.1676466908416905,3.2084307385990525,East Asia & Pacific
Solomon Islands,2025,-2.210011049743668,3.3825056268284226,East Asia & Pacific
Vanuatu,1975,-2.234010025497452,2.354557008893242,East Asia & Pacific
Vanuatu,1985,-1.9626899208984532,3.5040549947330857,East Asia & Pacific
Vanuatu,1995,-2.0363693680725254,3.496355743558159,East Asia & Pacific
Vanuatu,2005,-2.1183183636627354,3.456476898343315,East Asia & Pacific
Vanuatu,2015,-1.9537327733001866,3.503712625653496,East Asia & Pacific
Vanuatu,2025,-1.1483619656524815,3.7740716649601365,East Asia & Pacific
United Arab Emirates,1975,0.9923408100270473,-4.826883582918892,Middle East & N. Africa
United Arab Emirates,1985,1.0505780208744846,-4.741022853701363,Middle East & N. Africa
United Arab Emirates,1995,0.9333441149332368,-4.811532764284859,Middle East & N. Africa
United Arab Emirates,2005,0.9980960762017214,-4.752529888003121,Middle East & N. Africa
United Arab Emirates,2015,0.944430735323652,-4.740322379915963,Middle East & N. Africa
United Arab Emirates,2025,0.9691841717698418,-4.685663490145455,Middle East & N. Africa
Hungary,1975,3.1094569716491542,-5.750922469942818,E. Europe & Central Asia
Hungary,1985,3.0358204398193203,-5.781867770998726,E. Europe & Central Asia
Hungary,1995,-4.527736708160416,1.6442983461925889,E. Europe & Central Asia
Hungary,2005,-4.42157940530397,1.5261071337768937,E. Europe & Central Asia
Hungary,2015,-1.877115770813004,0.8469914807388688,E. Europe & Central Asia
Hungary,2025,-1.2304006066284336,0.674894423634758,E. Europe & Central Asia
Zanzibar,1975,1.5234974775352321,-1.509280471651802,Sub-Saharan Africa
Zanzibar,1985,1.173401892546638,-1.2089965628078079,Sub-Saharan Africa
Zanzibar,1995,1.0860854614415012,-0.9240157888820266,Sub-Saharan Africa
Zanzibar,2005,0.9242450561263406,-0.7475421713283157,Sub-Saharan Africa
Zanzibar,2015,0.856636256340965,-0.7877221392085647,Sub-Saharan Africa
Zanzibar,2025,0.7661100480594479,-0.7966859625270462,Sub-Saharan Africa
