year,country,region,UMAP1,UMAP2
1975,Mexico,Latin America & Caribbean,-0.9705843533141705,-0.026777149331343342
1975,Suriname,Latin America & Caribbean,1.0714130793945698,1.1021379221560834
1975,Sweden,W. Europe & N. America,0.9850073253052143,5.071610568869341
1975,Switzerland,W. Europe & N. America,1.4252653514282612,4.675875781882036
1975,Ghana,Sub-Saharan Africa,0.37130693544315374,0.14480948339723332
1975,South Africa,Sub-Saharan Africa,-1.4461040104491802,0.2922236908557294
1975,Japan,East Asia & Pacific,1.5207620059387592,4.291097759115923
1975,Burma/Myanmar,East Asia & Pacific,-2.246518095837364,-1.499533073198569
1975,Russia,E. Europe & Central Asia,0.8752017413513569,-3.667637349259627
1975,Albania,E. Europe & Central Asia,0.84254554857181585,-3.5493638526318194
1975,Egypt,Middle East & N. Africa,-0.03496309171749079,-0.8064016710636737
1975,Yemen,Middle East & N. Africa,-1.0630411709411236,-1.6933753426787974
1975,Colombia,Latin America & Caribbean,-0.2924594486816021,1.013957618582475
1975,Poland,E. Europe & Central Asia,1.1807890330688862,-3.27937340844847
1975,Brazil,Latin America & Caribbean,0.08974985231327093,-1.0782705556271197
1975,United States of America,W. Europe & N. America,1.1737537776367573,4.139253257620561
1975,Portugal,W. Europe & N. America,1.5284014140503315,3.737428783285844
1975,El Salvador,Latin America & Caribbean,-2.3905534351928326,-0.5191670667050006
1975,South Yemen,Middle East & N. Africa,1.1217914019958881,-0.885191322457564
1975,Bangladesh,East Asia & Pacific,-1.0255722607238384,-0.8652545820591571
1975,Bolivia,Latin America & Caribbean,-1.8978595341308209,-1.857241527330649
1975,Haiti,Latin America & Caribbean,-2.079221209393272,-0.8581825505612017
1975,Honduras,Latin America & Caribbean,-0.8716697300536724,0.37968552004121525
1975,Mali,Sub-Saharan Africa,-0.7105178440673443,-0.8747350584385516
1975,Pakistan,East Asia & Pacific,-0.10305782209468806,1.2068299044253705
1975,Peru,Latin America & Caribbean,-1.025770624981651,-0.012692690980208088
1975,Senegal,Sub-Saharan Africa,0.45912222017215765,0.5471421469333051
1975,Sudan,Sub-Saharan Africa,-1.2901815975768658,-0.6146714698193194
1975,Vietnam,East Asia & Pacific,1.173504391803017,-2.0076659332630755
1975,Republic of Vietnam,East Asia & Pacific,0.018643895282020928,0.5592557181002973
1975,Afghanistan,East Asia & Pacific,-0.7710771168334576,-1.3423810612080218
1975,Argentina,Latin America & Caribbean,0.09579471696781194,1.6521860350253461
1975,Ethiopia,Sub-Saharan Africa,-1.341986616955528,-1.5774247135636927
1975,India,East Asia & Pacific,0.21400741685794866,1.6908203352572797
1975,Kenya,Sub-Saharan Africa,-0.2149734104735943,-0.010270358216536213
1975,North Korea,East Asia & Pacific,0.6908231173889545,-3.623631597649825
1975,South Korea,East Asia & Pacific,0.749192753924599,-1.9825459729550006
1975,Lebanon,Middle East & N. Africa,-0.5009245480163189,0.6269813765170453
1975,Nigeria,Sub-Saharan Africa,-0.2743925655944439,0.754752992499101
1975,Philippines,East Asia & Pacific,-1.0926127041442486,-1.4128797363159777
1975,Tanzania,Sub-Saharan Africa,1.1536908542053608,-0.40337789167143123
1975,Taiwan,East Asia & Pacific,0.21297840227054632,-2.6995975982067706
1975,Thailand,East Asia & Pacific,-1.2238616551025006,-0.18897593129850643
1975,Uganda,Sub-Saharan Africa,-1.8927712048156353,-2.3042803417561175
1975,Venezuela,Latin America & Caribbean,1.2908854876892475,3.0469347227694867
1975,Benin,Sub-Saharan Africa,0.19525007356571233,-0.6067944775936724
1975,Bhutan,East Asia & Pacific,1.229464093341103,-0.18533992875791805
1975,Burkina Faso,Sub-Saharan Africa,0.21126131166385687,0.26236116777681096
1975,Cambodia,East Asia & Pacific,-2.0291919315917584,-2.4242669950840594
1975,Indonesia,East Asia & Pacific,-1.524817904339561,-0.8075390468952777
1975,Mozambique,Sub-Saharan Africa,-0.42547222028804743,-3.0085849772808673
1975,Nepal,East Asia & Pacific,-1.6205944622619244,-1.823808089983237
1975,Nicaragua,Latin America & Caribbean,-2.4761218632323834,-0.6880279194233538
1975,Niger,Sub-Saharan Africa,0.5056691562073139,-0.5345321904537799
1975,Zambia,Sub-Saharan Africa,1.1585269366638569,-0.197051526200545
1975,Zimbabwe,Sub-Saharan Africa,-1.6112179363830181,-0.08364677537657039
1975,Guinea,Sub-Saharan Africa,-1.207967718945274,-2.86375844587065
1975,Ivory Coast,Sub-Saharan Africa,-0.07917781721187556,-0.33422088731504696
1975,Mauritania,Sub-Saharan Africa,-0.59754844556880915,-0.7712279569027545
1975,Canada,W. Europe & N. America,1.4350748454468158,4.258986591208208
1975,Australia,W. Europe & N. America,1.2189526950256733,4.507873176443804
1975,Botswana,Sub-Saharan Africa,1.2031588946716694,2.282429813254106
1975,Burundi,Sub-Saharan Africa,-0.29288907896114313,-1.2025389682171466
1975,Cape Verde,Sub-Saharan Africa,0.8659058009521869,0.08193766962312443
1975,Central African Republic,Sub-Saharan Africa,-0.927720030651817,-2.1551812003967883
1975,Chile,Latin America & Caribbean,-0.7965354527099224,-2.566564739835036
1975,Costa Rica,Latin America & Caribbean,1.2788353358642963,3.587289451468217
1975,Timor-Leste,East Asia & Pacific,-2.265274962292442,-0.4522669326183917
1975,Ecuador,Latin America & Caribbean,-0.8515853489501568,0.4384351957919477
1975,France,W. Europe & N. America,1.4417033587829975,4.246121524679888
1975,Germany,W. Europe & N. America,1.2392983828918842,5.092330573904741
1975,Guatemala,Latin America & Caribbean,-2.345116576061973,-0.4558539401409747
1975,Iran,Middle East & N. Africa,-0.3179387653930279,-2.5544546853420855
1975,Iraq,Middle East & N. Africa,-0.7071504200561138,-2.5071561347363116
1975,Ireland,W. Europe & N. America,0.8615036403076557,3.6911016691806195
1975,Italy,W. Europe & N. America,1.0959625636474994,4.086127876150835
1975,Jordan,Middle East & N. Africa,0.6086454783813862,-1.12650019038893
1975,Lesotho,Sub-Saharan Africa,0.1623459254639057,0.24040079008363469
1975,Liberia,Sub-Saharan Africa,-0.7692145908935162,0.05433392416261418
1975,Malawi,Sub-Saharan Africa,-0.28742977033687556,-1.9758322547791125
1975,Maldives,East Asia & Pacific,-0.2671126927001568,-1.5075678687212588
1975,Mongolia,E. Europe & Central Asia,1.166926423205605,-2.7833760987637164
1975,Morocco,Middle East & N. Africa,0.7801824008362201,-1.1582346569416644
1975,Netherlands,W. Europe & N. America,1.1122289096252826,4.9273792494418505
1975,Panama,Latin America & Caribbean,-0.8013228977782818,-0.4414294968960406
1975,Papua New Guinea,East Asia & Pacific,0.4303388987915424,1.2738636721255658
1975,Qatar,Middle East & N. Africa,0.2964444552795795,-2.1391276728031756
1975,Sierra Leone,Sub-Saharan Africa,-1.2534212673766705,-0.4146159898159625
1975,Spain,W. Europe & N. America,0.6678347979919819,-2.2253705870030047
1975,Syria,Middle East & N. Africa,-1.223853072033653,-2.9387631427166583
1975,Tunisia,Middle East & N. Africa,0.9961324130432514,-1.4224006842491748
1975,Türkiye,Middle East & N. Africa,0.3380079661743549,1.875576614248979
1975,United Kingdom,W. Europe & N. America,1.6809754763977436,4.449898361075151
1975,Uruguay,Latin America & Caribbean,0.7100749408142475,-1.6213750663814666
1975,Algeria,Middle East & N. Africa,0.8650579844849018,-2.2180925618527056
1975,Angola,Sub-Saharan Africa,-1.2906918133361431,-2.041413040053618
1975,Cameroon,Sub-Saharan Africa,-0.4922427738769146,-2.3666967760441424
1975,Chad,Sub-Saharan Africa,-0.6375302876098248,-0.9624717246410968
1975,China,East Asia & Pacific,-0.737964114056358,-3.0817421685574176
1975,Democratic Republic of the Congo,Sub-Saharan Africa,-2.2068771923644634,-1.34105935801245
1975,Republic of the Congo,Sub-Saharan Africa,-1.720461329327354,-1.1079841863033892
1975,Djibouti,Sub-Saharan Africa,-1.5285238827331158,-1.4267030369160296
1975,Dominican Republic,Latin America & Caribbean,-1.85521741758419,-0.33768832792021053
1975,Eritrea,Sub-Saharan Africa,-1.9978217686278912,-1.999115736377013
1975,Gabon,Sub-Saharan Africa,-0.5006680096252056,-0.37680673707700985
1975,The Gambia,Sub-Saharan Africa,0.7121205722229389,1.1217063654544233
1975,Guinea-Bissau,Sub-Saharan Africa,-0.92980857740474665,-1.6218847643253924
1975,Jamaica,Latin America & Caribbean,1.151632825030556,2.6304661024691938
1975,Laos,East Asia & Pacific,-1.3913178051574322,-1.2459482859490039
1975,Libya,Middle East & N. Africa,-0.6756705845458599,-2.7596588145611407
1975,Madagascar,Sub-Saharan Africa,-1.0583819950683209,-0.9142138968823077
1975,Namibia,Sub-Saharan Africa,-2.013554056988487,-0.24136555303312557
1975,Palestine/West Bank,Middle East & N. Africa,-0.4785255993468853,-0.19183313955045955
1975,Rwanda,Sub-Saharan Africa,-0.18548150907588923,-1.9698355208752276
1975,Somalia,Sub-Saharan Africa,-1.3267802799804302,-2.567124367844832
1975,Sri Lanka,East Asia & Pacific,0.5492964183227924,2.1151484240176557
1975,Eswatini,Sub-Saharan Africa,-0.16661020170284235,-1.4459736358044268
1975,Togo,Sub-Saharan Africa,-0.6128000820739361,-1.6454537260947348
1975,Trinidad and Tobago,Latin America & Caribbean,0.8651776706116108,2.404514430868852
1975,German Democratic Republic,E. Europe & Central Asia,1.0700855647461323,-2.894133211266768
1975,Austria,W. Europe & N. America,1.186051884783974,4.40338194261812
1975,Bahrain,Middle East & N. Africa,-0.3776607121093365,-1.909859062325728
1975,Barbados,Latin America & Caribbean,0.917762318743935,3.081368564474809
1975,Belgium,W. Europe & N. America,1.491394082202187,4.580741046774614
1975,Bulgaria,E. Europe & Central Asia,0.9529104625122455,-3.277170539986861
1975,Comoros,Sub-Saharan Africa,-0.8349217976195904,-0.639224172723067
1975,Cuba,Latin America & Caribbean,0.9893632327453998,-2.7716984759686114
1975,Cyprus,W. Europe & N. America,0.804457703723183,1.562628387320268
1975,Czechia,E. Europe & Central Asia,1.3645029460327533,-3.435822130334151
1975,Denmark,W. Europe & N. America,0.9423499499695209,5.066825507986772
1975,Equatorial Guinea,Sub-Saharan Africa,-2.090661009655723,-2.1024676572201373
1975,Fiji,East Asia & Pacific,0.6724954043762592,2.0788880575778363
1975,Finland,W. Europe & N. America,0.9176736270325092,5.005277274954546
1975,Greece,W. Europe & N. America,0.9355054294006733,3.0143595923068403
1975,Guyana,Latin America & Caribbean,0.8293219005005268,1.0753287066104291
1975,Hong Kong,East Asia & Pacific,1.2905431186096576,1.5200904596927045
1975,Iceland,W. Europe & N. America,0.773996392382851,4.292811988699663
1975,Israel,Middle East & N. Africa,1.2103796397583393,3.478374599325883
1975,Kuwait,Middle East & N. Africa,0.6458702479736713,-0.30818605531431453
1975,Luxembourg,W. Europe & N. America,1.1839538012878803,4.805927871573198
1975,Malaysia,East Asia & Pacific,0.5212574397461323,1.1132215250613569
1975,Malta,W. Europe & N. America,0.7718878184692768,3.0436598051669477
1975,Mauritius,Sub-Saharan Africa,1.0553007518188862,2.6900292624118207
1975,New Zealand,W. Europe & N. America,0.698714295520058,4.50258791338228
1975,Norway,W. Europe & N. America,0.8879647647278217,4.853212951529253
1975,Oman,Middle East & N. Africa,-0.026938876019248603,-1.7537937175152423
1975,Paraguay,Latin America & Caribbean,-2.2889813984496685,-1.4285755764362933
1975,Romania,E. Europe & Central Asia,1.049438515795937,-3.501164795052779
1975,Sao Tome and Principe,Sub-Saharan Africa,0.9260616694824604,-0.6077791463253619
1975,Saudi Arabia,Middle East & N. Africa,0.17444566835331,-1.9686785053131701
1975,Serbia,E. Europe & Central Asia,1.2085657512085346,-2.4254109870312335
1975,Seychelles,Sub-Saharan Africa,1.059579888476601,0.7759710539462445
1975,Singapore,East Asia & Pacific,1.0072074328796772,2.756772159445512
1975,Solomon Islands,East Asia & Pacific,1.1897430812256244,0.5655187357547162
1975,Vanuatu,East Asia & Pacific,1.030179539813271,0.39397060762666447
1975,United Arab Emirates,Middle East & N. Africa,0.21089223970340765,-1.7554463084457042
1975,Hungary,E. Europe & Central Asia,1.1344108973877338,-3.4232840548870684
1975,Zanzibar,Sub-Saharan Africa,0.482553521289101,-1.538145185601485
1985,Mexico,Latin America & Caribbean,-1.0770974280831707,-0.9053198258588271
1985,Suriname,Latin America & Caribbean,-0.5261557223794353,0.6525243361284776
1985,Sweden,W. Europe & N. America,-4.218016636609782,3.269632442741637
1985,Switzerland,W. Europe & N. America,-4.270383846997966,2.440052135734801
1985,Ghana,Sub-Saharan Africa,0.01871083951021313,-0.45383896038031146
1985,South Africa,Sub-Saharan Africa,0.676302838087331,-2.5858508507916884
1985,Japan,East Asia & Pacific,-3.4330067756173506,2.843567236213927
1985,Burma/Myanmar,East Asia & Pacific,2.326977360010396,-2.208828584403749
1985,Russia,E. Europe & Central Asia,3.5437881824972735,0.5925367911150499
1985,Albania,E. Europe & Central Asia,3.7467841980459795,0.47606311634087994
1985,Egypt,Middle East & N. Africa,0.8316948888304341,-0.651185647697206
1985,Yemen,Middle East & N. Africa,1.9535081264975178,-2.5959245125958876
1985,Colombia,Latin America & Caribbean,-1.6497449996468914,-0.623900548667665
1985,Poland,E. Europe & Central Asia,3.122063505411397,1.1811030943682237
1985,Brazil,Latin America & Caribbean,-1.0523333671090496,-0.5451990525433974
1985,United States of America,W. Europe & N. America,-3.6768612983224287,2.1792992193987413
1985,Portugal,W. Europe & N. America,-3.7687983634469404,2.7450815279772325
1985,El Salvador,Latin America & Caribbean,0.6118878600599873,-2.470643178672548
1985,South Yemen,Middle East & N. Africa,0.4777499911787617,0.5769699652483506
1985,Bangladesh,East Asia & Pacific,0.1426468966009724,-1.3829122941205458
1985,Bolivia,Latin America & Caribbean,-1.7502639415261638,-0.2168461243817763
1985,Haiti,Latin America & Caribbean,1.2810882506373036,-2.153783933372255
1985,Honduras,Latin America & Caribbean,-1.4429788711068523,-0.5953594605634169
1985,Mali,Sub-Saharan Africa,0.6963552711012471,-1.0156327645490126
1985,Pakistan,East Asia & Pacific,0.39559565758730053,-1.1330195824811415
1985,Peru,Latin America & Caribbean,-1.604934704541911,-0.1098958413312392
1985,Senegal,Sub-Saharan Africa,-1.49590755724882,0.7145045836260362
1985,Sudan,Sub-Saharan Africa,0.2672978518011677,-2.0626627366254286
1985,Vietnam,East Asia & Pacific,2.8954149363043413,0.5175307829668565
1985,Afghanistan,East Asia & Pacific,1.807671713590871,-3.0670730035016494
1985,Argentina,Latin America & Caribbean,-3.6594281318185224,1.7668777544786973
1985,Ethiopia,Sub-Saharan Africa,1.9737909910681355,-2.241080896110292
1985,India,East Asia & Pacific,-1.807064545392741,0.40021406009698346
1985,Kenya,Sub-Saharan Africa,0.1794266579153645,-1.4341389100263076
1985,North Korea,East Asia & Pacific,3.608200061083089,0.09103332355523541
1985,South Korea,East Asia & Pacific,1.0219180462362873,0.42271838977837994
1985,Lebanon,Middle East & N. Africa,-0.4584008576867473,-1.479294435233827
1985,Nigeria,Sub-Saharan Africa,-0.6656112792489421,-1.1110659997174697
1985,Philippines,East Asia & Pacific,1.0545733449461567,-1.9976531426618056
1985,Tanzania,Sub-Saharan Africa,0.21375082707430004,0.7083157141497178
1985,Taiwan,East Asia & Pacific,1.4243054938914883,0.4149163801958604
1985,Thailand,East Asia & Pacific,-0.24776984477018238,-0.5723191659162001
1985,Uganda,Sub-Saharan Africa,0.5823629972937214,-1.6859837929913954
1985,Venezuela,Latin America & Caribbean,-2.660499584913005,0.752223833351378
1985,Benin,Sub-Saharan Africa,0.7682717320921528,-0.2749382416913466
1985,Bhutan,East Asia & Pacific,0.1114497063162434,0.49161086872125104
1985,Burkina Faso,Sub-Saharan Africa,0.12477980828310131,-0.1672560136029677
1985,Cambodia,East Asia & Pacific,2.2525681731703386,-2.858111516685243
1985,Indonesia,East Asia & Pacific,1.210369902611028,-1.5994516770551161
1985,Mozambique,Sub-Saharan Africa,2.5750185129644976,-0.9232331673810439
1985,Nepal,East Asia & Pacific,1.8896641907694447,-2.0305010239789443
1985,Nicaragua,Latin America & Caribbean,0.8947993395331013,-1.3613130013654189
1985,Niger,Sub-Saharan Africa,0.4883136627676594,0.061720236091856506
1985,Zambia,Sub-Saharan Africa,-0.07401372218107105,0.23087058856988385
1985,Zimbabwe,Sub-Saharan Africa,-0.3681870820519817,-0.17040933773016498
1985,Guinea,Sub-Saharan Africa,1.716231274366628,-1.388459817619081
1985,Ivory Coast,Sub-Saharan Africa,0.48353372788454174,-0.628602639884706
1985,Mauritania,Sub-Saharan Africa,1.4744567542283493,-2.1999498765180068
1985,Canada,W. Europe & N. America,-3.256309044599284,2.46574817493463
1985,Australia,W. Europe & N. America,-3.4493894698617353,2.7083903391649766
1985,Botswana,Sub-Saharan Africa,-2.1495826365945234,1.3236754973223253
1985,Burundi,Sub-Saharan Africa,1.3668119264247525,-0.24181427165960834
1985,Cape Verde,Sub-Saharan Africa,-0.7928280951974285,0.9211982329180284
1985,Central African Republic,Sub-Saharan Africa,1.4496169285329688,-1.5690194527814345
1985,Chile,Latin America & Caribbean,2.1111815450193987,-1.2744213502118544
1985,Costa Rica,Latin America & Caribbean,-3.562087548017253,1.4474319060137315
1985,Timor-Leste,East Asia & Pacific,1.7411238727572071,-3.1234256188580947
1985,Ecuador,Latin America & Caribbean,-1.5769884707925212,-0.21598018810247943
1985,France,W. Europe & N. America,-3.9276704909798994,2.1679707606127305
1985,Germany,W. Europe & N. America,-4.346198570966472,3.0494009096910997
1985,Guatemala,Latin America & Caribbean,0.494505393266927,-2.4081632058331923
1985,Iran,Middle East & N. Africa,2.283429312467824,-0.8067284981915908
1985,Iraq,Middle East & N. Africa,2.918065416574727,-1.5215264718244033
1985,Ireland,W. Europe & N. America,-3.042261135816325,1.9021273691942735
1985,Italy,W. Europe & N. America,-4.305016529798259,2.308350666313414
1985,Jordan,Middle East & N. Africa,1.075739192724477,0.0585149367144151
1985,Lesotho,Sub-Saharan Africa,-0.3287879350182903,-0.838556424827333
1985,Liberia,Sub-Saharan Africa,0.37123142457033276,-1.5292898575971083
1985,Malawi,Sub-Saharan Africa,1.647221657395612,-0.07123293086981342
1985,Maldives,East Asia & Pacific,1.8285057423117268,-0.7119738022992568
1985,Mongolia,E. Europe & Central Asia,3.6547639248373613,1.0819600661089464
1985,Morocco,Middle East & N. Africa,1.0822324035170185,-0.708863870353456
1985,Netherlands,W. Europe & N. America,-4.4015922667977705,2.9259167750170274
1985,Panama,Latin America & Caribbean,0.40710650658632397,-1.7744699876019911
1985,Papua New Guinea,East Asia & Pacific,-1.379884016751994,0.9553812582781358
1985,Qatar,Middle East & N. Africa,2.0662684915068255,-0.15608133480047748
1985,Sierra Leone,Sub-Saharan Africa,0.9564662454130757,-1.7902218262860732
1985,Spain,W. Europe & N. America,-3.465478432416667,2.8892446596910997
1985,Syria,Middle East & N. Africa,2.741172301531087,-1.6084205071637587
1985,Tunisia,Middle East & N. Africa,1.3263688859942067,0.22461353137994244
1985,Türkiye,Middle East & N. Africa,-1.2068107249734294,0.051084860115294006
1985,United Kingdom,W. Europe & N. America,-3.238768112897624,2.646440609245543
1985,Uruguay,Latin America & Caribbean,-3.7400817992684736,1.801619871406798
1985,Algeria,Middle East & N. Africa,2.0411286232473955,0.5234330733110948
1985,Angola,Sub-Saharan Africa,1.8927563903334248,-1.906225816459413
1985,Cameroon,Sub-Saharan Africa,1.6972166327240574,-0.9866148392865615
1985,Chad,Sub-Saharan Africa,2.3848911402227984,-1.623623506278749
1985,China,East Asia & Pacific,2.665669905901204,0.37410198047662213
1985,Democratic Republic of the Congo,Sub-Saharan Africa,2.115471708536397,-2.503445760459657
1985,Republic of the Congo,Sub-Saharan Africa,1.5375781608226406,-2.5016852776715712
1985,Djibouti,Sub-Saharan Africa,1.8969696936609852,-2.374839917869325
1985,Dominican Republic,Latin America & Caribbean,-1.1753363730904949,-0.7389632622907119
1985,Eritrea,Sub-Saharan Africa,2.0195537087919817,-2.9891196648786025
1985,Gabon,Sub-Saharan Africa,1.0918950018885243,-1.0102640549848036
1985,The Gambia,Sub-Saharan Africa,-0.8478508117196453,0.6743467886736436
1985,Guinea-Bissau,Sub-Saharan Africa,1.91665627336527,-1.4727455537030654
1985,Jamaica,Latin America & Caribbean,-2.3061292293069258,1.8237536986162706
1985,Laos,East Asia & Pacific,3.090799200296651,0.07399593189263776
1985,Libya,Middle East & N. Africa,2.6143069145681963,-1.1437288682172255
1985,Madagascar,Sub-Saharan Africa,1.0231322524550068,-1.0822144906232314
1985,Namibia,Sub-Saharan Africa,1.4951859348865855,-3.050512448997255
1985,Palestine/West Bank,Middle East & N. Africa,0.9867869195940602,-2.2061916749188857
1985,Rwanda,Sub-Saharan Africa,1.6507589099409687,-0.47623790904974506
1985,Somalia,Sub-Saharan Africa,2.48393486714388,-2.405786649436708
1985,Sri Lanka,East Asia & Pacific,-1.280650627851237,0.015115602760557678
1985,Eswatini,Sub-Saharan Africa,1.3456333605053532,-0.47973264858221576
1985,Togo,Sub-Saharan Africa,1.3857389045360196,-1.2882462899396376
1985,Trinidad and Tobago,Latin America & Caribbean,-2.6501412513253584,1.9457772810747667
1985,German Democratic Republic,E. Europe & Central Asia,3.2322312471869097,0.9840057928850694
1985,Austria,W. Europe & N. America,-3.919187557935466,2.6640268404772325
1985,Bahrain,Middle East & N. Africa,1.9232243773939717,-0.5833388726422744
1985,Barbados,Latin America & Caribbean,-2.6468649032113447,1.6571692068865342
1985,Belgium,W. Europe & N. America,-4.3762416961190596,2.5738586027910753
1985,Bulgaria,E. Europe & Central Asia,3.6800892231466875,0.8774155218889756
1985,Comoros,Sub-Saharan Africa,0.7805241820814717,-1.5801302354047255
1985,Cuba,Latin America & Caribbean,3.406886684656392,0.8050960142900987
1985,Cyprus,W. Europe & N. America,-2.262712729215373,0.8343056280901475
1985,Czechia,E. Europe & Central Asia,3.4084061262610064,1.0847543318560167
1985,Denmark,W. Europe & N. America,-4.040164482831706,3.309321983604674
1985,Equatorial Guinea,Sub-Saharan Africa,2.319053637743245,-2.0186401765057997
1985,Fiji,East Asia & Pacific,-1.0187480571267498,0.6388290961077256
1985,Finland,W. Europe & N. America,-4.418509018659343,2.614427908210997
1985,Greece,W. Europe & N. America,-3.4521107795236006,1.7554372389605089
1985,Guyana,Latin America & Caribbean,-0.33099378371213795,-0.2659498612592177
1985,Hong Kong,East Asia & Pacific,-2.475767624616374,1.7337120611956163
1985,Iceland,W. Europe & N. America,-3.8629551055428877,2.560300691871886
1985,Israel,Middle East & N. Africa,-3.183322441816081,2.055099590568785
1985,Kuwait,Middle East & N. Africa,-0.29546762728666187,0.9443219740679307
1985,Luxembourg,W. Europe & N. America,-4.46559430384611,2.721288784294371
1985,Malaysia,East Asia & Pacific,-0.309438002347697,-0.3258968751141982
1985,Malta,W. Europe & N. America,-2.683873665570964,1.6266056139757676
1985,Mauritius,Sub-Saharan Africa,-2.640135300397624,1.2593148787310167
1985,New Zealand,W. Europe & N. America,-3.1886620643136396,2.5981467802813096
1985,Norway,W. Europe & N. America,-4.201581967115153,3.314000471382384
1985,Oman,Middle East & N. Africa,1.9626452503206837,-0.19956125423407123
1985,Paraguay,Latin America & Caribbean,2.4912940142157183,-1.7568651597211318
1985,Romania,E. Europe & Central Asia,3.7465448257925615,0.6315277655413194
1985,Sao Tome and Principe,Sub-Saharan Africa,-0.04013551497434498,0.6903384764483018
1985,Saudi Arabia,Middle East & N. Africa,2.1684707281591997,-0.22288479015326068
1985,Serbia,E. Europe & Central Asia,2.5258598206045733,0.8832629759600206
1985,Seychelles,Sub-Saharan Africa,2.596484410524617,1.138515337257628
1985,Singapore,East Asia & Pacific,-2.3946817042825117,1.3852509100725694
1985,Solomon Islands,East Asia & Pacific,-1.3173246505257976,0.8886507590105577
1985,Vanuatu,East Asia & Pacific,-1.847488892316569,1.2480910857012315
1985,United Arab Emirates,Middle East & N. Africa,1.886801409483205,-0.014300958366151306
1985,Hungary,E. Europe & Central Asia,3.2342152473929033,0.96910606220269635
1985,Zanzibar,Sub-Saharan Africa,0.6453335759642231,0.1244324286272569
1995,Mexico,Latin America & Caribbean,-0.4365695019066336,-1.6982757105146136
1995,Suriname,Latin America & Caribbean,1.3376218776404856,-0.7645868911061968
1995,Sweden,W. Europe & N. America,5.253706167191266,0.23280457121985298
1995,Switzerland,W. Europe & N. America,4.898231695145368,0.5714085446085249
1995,Ghana,Sub-Saharan Africa,0.47514982029795627,-0.9012585534368243
1995,South Africa,Sub-Saharan Africa,0.4758424262702463,-0.7820839537893023
1995,Japan,East Asia & Pacific,4.211954782456159,0.17088893515723091
1995,Burma/Myanmar,East Asia & Pacific,-3.9119263787567617,0.1225467072214399
1995,Russia,E. Europe & Central Asia,0.11214585110545139,0.635817323752812
1995,Albania,E. Europe & Central Asia,-0.6617353458702566,-0.14696189301354545
1995,Egypt,Middle East & N. Africa,-2.5844101805984976,0.7347138272012983
1995,Yemen,Middle East & N. Africa,-3.2097621981799604,-0.15161844628197807
1995,Colombia,Latin America & Caribbean,0.24309558674693088,-1.876727785042354
1995,Poland,E. Europe & Central Asia,3.5805036525428293,0.4402797566141401
1995,Brazil,Latin America & Caribbean,3.0239951114356516,-0.8252206696782793
1995,United States of America,W. Europe & N. America,3.8856918315589426,-0.5375042809758868
1995,Portugal,W. Europe & N. America,4.392531583756208,-0.03612014191491264
1995,El Salvador,Latin America & Caribbean,-0.47857527926564236,-1.8106826795850481
1995,Bangladesh,East Asia & Pacific,-1.8414743442833426,-1.2867806209836687
1995,Bolivia,Latin America & Caribbean,1.1739012698829172,-1.3973602308545794
1995,Haiti,Latin America & Caribbean,-1.8944508333504202,-0.9194183005605425
1995,Honduras,Latin America & Caribbean,-0.24784879878163357,-1.8339343919072832
1995,Mali,Sub-Saharan Africa,0.3873123626410959,-1.3850240363393511
1995,Pakistan,East Asia & Pacific,-1.055459787398577,-0.9902798785482134
1995,Peru,Latin America & Caribbean,-1.4758331079781057,-1.3322221292768206
1995,Senegal,Sub-Saharan Africa,0.3479842643439768,-1.2819430484090533
1995,Sudan,Sub-Saharan Africa,-3.8252997298538687,0.2033593998636518
1995,Vietnam,East Asia & Pacific,-3.290070538669825,1.4532208786691938
1995,Afghanistan,East Asia & Pacific,-3.5477764804661276,-0.29900237458092827
1995,Argentina,Latin America & Caribbean,2.810241888016462,-0.4775168551717486
1995,Ethiopia,Sub-Saharan Africa,-2.5120859046280386,-0.9486268414769854
1995,India,East Asia & Pacific,0.1333131293952463,-0.9061168088231768
1995,Kenya,Sub-Saharan Africa,-1.5422618885338308,-0.8148537530217852
1995,North Korea,East Asia & Pacific,-4.041503121405841,1.7223990307535444
1995,South Korea,East Asia & Pacific,3.1479155521094797,0.10844615561621529
1995,Lebanon,Middle East & N. Africa,-1.8774196405708792,-0.6029543532644
1995,Nigeria,Sub-Saharan Africa,-1.531070639640093,-1.4128869427953448
1995,Philippines,East Asia & Pacific,0.860764692276716,-1.6698360099111285
1995,Tanzania,Sub-Saharan Africa,-0.38001637652516385,-0.13188048737389702
1995,Taiwan,East Asia & Pacific,2.8880059222877024,-0.1747419490133013
1995,Thailand,East Asia & Pacific,-0.6382370491325857,-0.9356614007268633
1995,Uganda,Sub-Saharan Africa,-0.7886221905052664,-0.46834715741021293
1995,Venezuela,Latin America & Caribbean,1.681265066117048,-1.100980485848018
1995,Benin,Sub-Saharan Africa,0.7601024608314035,-1.26612254517419
1995,Bhutan,East Asia & Pacific,-1.0850723285973074,0.6549184666361128
1995,Burkina Faso,Sub-Saharan Africa,0.12107271954417209,-1.426862622669765
1995,Cambodia,East Asia & Pacific,-2.5110233326256277,-1.1720946683202471
1995,Indonesia,East Asia & Pacific,-3.2052310903370382,0.7958550797189985
1995,Mozambique,Sub-Saharan Africa,-0.210878898650408,-0.397574747971126
1995,Nepal,East Asia & Pacific,-1.4254987736046316,-0.9327870263372149
1995,Nicaragua,Latin America & Caribbean,0.6334385375678537,-1.4835189832959856
1995,Niger,Sub-Saharan Africa,0.002864311188459201,-1.1405607117925372
1995,Zambia,Sub-Saharan Africa,-0.10493545725941678,-0.614990199974605
1995,Zimbabwe,Sub-Saharan Africa,-0.7998440761864187,-0.3740118397985186
1995,Guinea,Sub-Saharan Africa,-2.748954464942217,0.3217168198313032
1995,Ivory Coast,Sub-Saharan Africa,-1.6799709101021292,0.04223707778113228
1995,Mauritania,Sub-Saharan Africa,-3.026132543832064,0.15478161437170845
1995,Canada,W. Europe & N. America,4.210698316544294,-0.5345149888311114
1995,Australia,W. Europe & N. America,4.503537843674421,-0.48510512249810356
1995,Botswana,Sub-Saharan Africa,1.3851916293799875,-0.4104631795201983
1995,Burundi,Sub-Saharan Africa,-2.221643616706133,-0.38520952599389213
1995,Cape Verde,Sub-Saharan Africa,1.6600038509070871,-0.5699429168019976
1995,Central African Republic,Sub-Saharan Africa,-2.2307643194496634,-0.3916728152547564
1995,Chile,Latin America & Caribbean,3.186126420944929,-0.3573168172155108
1995,Costa Rica,Latin America & Caribbean,3.6118385295569895,0.13421252829687935
1995,Timor-Leste,East Asia & Pacific,-3.6309949059784414,-0.03644391434533256
1995,Ecuador,Latin America & Caribbean,-0.07585363581776638,-1.8655597223554339
1995,France,W. Europe & N. America,4.2444502811133855,0.6008968697275434
1995,Germany,W. Europe & N. America,5.090580175369977,0.266404424735478
1995,Guatemala,Latin America & Caribbean,-1.5831457872688772,-1.2726909174237933
1995,Iran,Middle East & N. Africa,-3.036105742007494,1.3487980709757124
1995,Iraq,Middle East & N. Africa,-4.01806174710393,1.329721485206059
1995,Ireland,W. Europe & N. America,3.7628366450965403,-0.030196155479976117
1995,Italy,W. Europe & N. America,3.969458768814802,0.5642967568125044
1995,Jordan,Middle East & N. Africa,-1.3006001015007498,0.8782539711679731
1995,Latvia,E. Europe & Central Asia,2.804185102432966,0.46124104125159127
1995,Lesotho,Sub-Saharan Africa,-0.003672410994768338,-0.3823830737386431
1995,Liberia,Sub-Saharan Africa,-2.785951365977526,-0.7115407838140215
1995,Malawi,Sub-Saharan Africa,0.2216002444922922,-0.5175670041356768
1995,Maldives,East Asia & Pacific,-2.605163325816393,1.7484138355936323
1995,Mongolia,E. Europe & Central Asia,1.6624257068336008,-0.005857671669551312
1995,Morocco,Middle East & N. Africa,-1.890970279723406,0.7608621464456831
1995,Netherlands,W. Europe & N. America,4.840095708817243,0.3683793888773237
1995,Panama,Latin America & Caribbean,1.3238632182776926,-1.1053869380269732
1995,Papua New Guinea,East Asia & Pacific,0.9654786090552805,-0.684985841682979
1995,Qatar,Middle East & N. Africa,-2.8401478727161886,2.1795435295786176
1995,Sierra Leone,Sub-Saharan Africa,-3.034292747527361,-0.8127078666005816
1995,Spain,W. Europe & N. America,4.690496156662702,-0.14859196083886284
1995,Syria,Middle East & N. Africa,-3.893763532191515,1.4159858570780073
1995,Tunisia,Middle East & N. Africa,-2.487369765788317,1.0942697869028364
1995,Türkiye,Middle East & N. Africa,-0.5944619674980642,-0.7391425027166094
1995,Ukraine,E. Europe & Central Asia,0.6496331195533274,0.8281143055643354
1995,United Kingdom,W. Europe & N. America,4.4158369998633855,-0.23430367844445366
1995,Uruguay,Latin America & Caribbean,3.7384483318030832,0.5912134991373335
1995,Algeria,Middle East & N. Africa,-1.8357755441963675,0.5143370972360883
1995,Angola,Sub-Saharan Africa,-3.714787830859423,-0.1940407408986773
1995,Armenia,E. Europe & Central Asia,-0.10990481570363064,0.7605696068491254
1995,Azerbaijan,E. Europe & Central Asia,-2.181015421897173,0.9806039677347456
1995,Belarus,E. Europe & Central Asia,0.5005001525580881,0.7097692833627973
1995,Cameroon,Sub-Saharan Africa,-2.4685439367592337,0.4652021275247846
1995,Chad,Sub-Saharan Africa,-2.930314739495516,-0.021057809761592328
1995,China,East Asia & Pacific,-3.5428361792862417,1.7477155075754438
1995,Democratic Republic of the Congo,Sub-Saharan Africa,-3.6394217510521414,-0.14087292092187065
1995,Republic of the Congo,Sub-Saharan Africa,-1.9564364452660086,-0.9043677701268877
1995,Djibouti,Sub-Saharan Africa,-3.2578225147724154,0.3879866944040571
1995,Dominican Republic,Latin America & Caribbean,-0.9980676670372488,-1.7326947106633868
1995,Eritrea,Sub-Saharan Africa,-3.292194702923298,1.9226184235300336
1995,Gabon,Sub-Saharan Africa,-1.95253246024251,0.05555037123816353
1995,The Gambia,Sub-Saharan Africa,-2.496292283087969,1.2460127220835004
1995,Georgia,E. Europe & Central Asia,-0.37195735171437283,0.7888915882791792
1995,Guinea-Bissau,Sub-Saharan Africa,-2.404859711676836,-0.32299145596367973
1995,Jamaica,Latin America & Caribbean,2.0691444377601145,0.1764703140939985
1995,Kazakhstan,E. Europe & Central Asia,-1.8447415132820608,1.1170652256693159
1995,Kyrgyzstan,E. Europe & Central Asia,-1.092989494353533,0.9146132813181196
1995,Laos,East Asia & Pacific,-4.024905254393817,1.5865795956339155
1995,Libya,Middle East & N. Africa,-3.3704825279116633,1.6626928196634565
1995,Madagascar,Sub-Saharan Africa,-0.790478040724993,-1.1752216471944537
1995,Moldova,E. Europe & Central Asia,0.7589919070899485,0.7463007317270551
1995,Namibia,Sub-Saharan Africa,0.691239545792341,-0.48426934616906303
1995,Palestine/West Bank,Middle East & N. Africa,-1.350331236869097,-0.10864087479455131
1995,Rwanda,Sub-Saharan Africa,-3.1217069526016714,1.0559730873789106
1995,Somalia,Sub-Saharan Africa,-3.2048826341331007,-0.5956742419515337
1995,Sri Lanka,East Asia & Pacific,-0.5948451061546804,-0.44622143643242973
1995,Eswatini,Sub-Saharan Africa,-2.8484262128174307,1.5635826931680952
1995,Tajikistan,E. Europe & Central Asia,-3.413614710122347,0.5895438538278852
1995,Togo,Sub-Saharan Africa,-2.161844303160906,0.1951337204660688
1995,Trinidad and Tobago,Latin America & Caribbean,2.124936292618513,0.034894977637699665
1995,Turkmenistan,E. Europe & Central Asia,-4.001155545264483,1.5444751129831586
1995,Somaliland,Sub-Saharan Africa,-2.2686881323158743,-0.9241161002431597
1995,Uzbekistan,E. Europe & Central Asia,-3.6925852198898794,1.2718611107553754
1995,Austria,W. Europe & N. America,4.380306909531354,0.5047104702677045
1995,Bahrain,Middle East & N. Africa,-2.9525030751526358,2.2026000366892133
1995,Barbados,Latin America & Caribbean,2.3219773273169992,-0.1607026709829058
1995,Belgium,W. Europe & N. America,4.673076818436384,0.2535276756967817
1995,Bosnia and Herzegovina,E. Europe & Central Asia,-1.1940701504051687,0.15179351431982857
1995,Bulgaria,E. Europe & Central Asia,2.4410173396766184,0.35934189421789986
1995,Comoros,Sub-Saharan Africa,-2.396586885005236,-0.5713270558629717
1995,Croatia,E. Europe & Central Asia,-0.9895909328758719,0.14373592002051216
1995,Cuba,Latin America & Caribbean,-3.705729593783617,1.4339237557138715
1995,Cyprus,W. Europe & N. America,2.0079595546424387,-0.7742772950444903
1995,Czechia,E. Europe & Central Asia,4.067497919052839,0.25701192481177193
1995,Denmark,W. Europe & N. America,5.233410070389509,0.011671577521732868
1995,Equatorial Guinea,Sub-Saharan Africa,-3.7051860590279104,0.8591294632639204
1995,Estonia,E. Europe & Central Asia,4.0838596324622625,-0.09649464028222221
1995,Fiji,East Asia & Pacific,0.3461374740302561,-0.415280784538814
1995,Finland,W. Europe & N. America,4.905413816422223,0.4683142052377973
1995,Greece,W. Europe & N. America,3.579840848892927,0.7134256706918989
1995,Guyana,Latin America & Caribbean,-0.5500667591392996,-0.017913783958980023
1995,Hong Kong,East Asia & Pacific,2.8251358966529367,0.1552145825113569
1995,Iceland,W. Europe & N. America,4.280986497849225,0.342850957938603
1995,Israel,Middle East & N. Africa,3.310040185898542,0.436178480216435
1995,Kuwait,Middle East & N. Africa,-0.0072901745140554475,0.12473610503332955
1995,Lithuania,E. Europe & Central Asia,3.444347570389509,0.2501077995981489
1995,Luxembourg,W. Europe & N. America,4.643935392349958,0.5167203293527876
1995,North Macedonia,E. Europe & Central Asia,-0.33452801898121853,0.1947687016214643
1995,Malaysia,East Asia & Pacific,-1.082651187926531,-0.38341769116265434
1995,Malta,W. Europe & N. America,2.1887027721107004,0.09798887831824166
1995,Mauritius,Sub-Saharan Africa,2.0623437862098215,-0.21542903321129936
1995,New Zealand,W. Europe & N. America,4.616189191788434,-0.18364616768700737
1995,Norway,W. Europe & N. America,5.106528470963239,0.4589119301523481
1995,Oman,Middle East & N. Africa,-2.709832539111376,1.9031434403147016
1995,Paraguay,Latin America & Caribbean,-0.6380465526878836,-1.7272952451024737
1995,Romania,E. Europe & Central Asia,1.7889105777442453,0.5880730496134077
1995,Sao Tome and Principe,Sub-Saharan Africa,0.7330829600989817,-0.5378657235418047
1995,Saudi Arabia,Middle East & N. Africa,-3.063339953571558,2.1461620674814497
1995,Serbia,E. Europe & Central Asia,-1.5095428724586966,0.5422451840128217
1995,Seychelles,Sub-Saharan Africa,-0.21400575831532498,0.21510056121008736
1995,Singapore,East Asia & Pacific,1.9907009105384348,0.16850975615637642
1995,Slovakia,E. Europe & Central Asia,2.680025766342878,0.2133818016733442
1995,Slovenia,E. Europe & Central Asia,4.0708615283668035,0.43719318968909127
1995,Solomon Islands,East Asia & Pacific,0.9822275142371653,-0.21574398415429252
1995,Vanuatu,East Asia & Pacific,1.3036391238868235,-0.19699307816369194
1995,United Arab Emirates,Middle East & N. Africa,-2.794565310031176,2.041524921485356
1995,Hungary,E. Europe & Central Asia,3.545050809830427,0.03194144827978951
1995,Zanzibar,Sub-Saharan Africa,-1.9485668440163137,-0.26031288044793266
2005,Mexico,Latin America & Caribbean,-0.18554299855131218,2.1454603492918998
2005,Suriname,Latin America & Caribbean,-0.8651732780923278,0.4095516025725394
2005,Sweden,W. Europe & N. America,-4.786436019181195,1.1119149632457286
2005,Switzerland,W. Europe & N. America,-4.704633174179975,0.8969404071274787
2005,Ghana,Sub-Saharan Africa,-0.6137387135018737,0.4917730509940177
2005,South Africa,Sub-Saharan Africa,-0.7788886406411559,1.1506579450968295
2005,Japan,East Asia & Pacific,-4.736873564957563,-0.04739512804116908
2005,Burma/Myanmar,East Asia & Pacific,3.8164492270956605,-1.5698814571198434
2005,Russia,E. Europe & Central Asia,1.3083873412619202,-1.3097067058381051
2005,Albania,E. Europe & Central Asia,-0.5527674534310729,-0.009409922390839487
2005,Egypt,Middle East & N. Africa,3.318788113356647,-1.0955307662781686
2005,Yemen,Middle East & N. Africa,3.652606549025592,-0.17821540239419642
2005,Colombia,Latin America & Caribbean,-0.06165379071134636,1.9917959987822562
2005,Poland,E. Europe & Central Asia,-3.6114876248826415,0.45209787485037145
2005,Brazil,Latin America & Caribbean,-2.345797000168744,0.8960934996310264
2005,United States of America,W. Europe & N. America,-4.494372782944623,-0.36612488630380335
2005,Portugal,W. Europe & N. America,-4.070852217911664,0.6215590655509025
2005,El Salvador,Latin America & Caribbean,0.8434291503439515,2.1144620001021415
2005,Bangladesh,East Asia & Pacific,2.470627369643268,0.3700209676924735
2005,Bolivia,Latin America & Caribbean,0.1541913173208802,2.2776412784758597
2005,Haiti,Latin America & Caribbean,1.161803545714435,1.6245792030993491
2005,Honduras,Latin America & Caribbean,0.7963867805014222,2.138605219096282
2005,Mali,Sub-Saharan Africa,0.5959108493338197,0.5292122184935599
2005,Pakistan,East Asia & Pacific,2.0925675055990784,0.7689691006842643
2005,Peru,Latin America & Caribbean,-0.5261618473519714,1.613835853308776
2005,Senegal,Sub-Saharan Africa,0.17430454707246712,0.30609593984518346
2005,Sudan,Sub-Saharan Africa,3.829837860823688,-0.9477174461182565
2005,Vietnam,East Asia & Pacific,2.4977327010641663,-2.0748467624482125
2005,Afghanistan,East Asia & Pacific,3.3075800559530824,0.29905007478628454
2005,Argentina,Latin America & Caribbean,-1.881630418538037,0.9864864170256644
2005,Ethiopia,Sub-Saharan Africa,2.801097454787311,-0.16487123373117152
2005,India,East Asia & Pacific,-0.5565516331185729,1.5517127930823356
2005,Kenya,Sub-Saharan Africa,0.40565997576814583,0.7751819312277823
2005,North Korea,East Asia & Pacific,3.731611313582477,-2.5045530975159616
2005,South Korea,East Asia & Pacific,-4.126476702927533,-0.48676182630624476
2005,Kosovo,E. Europe & Central Asia,-0.6262802460183532,-0.5682310045060128
2005,Lebanon,Middle East & N. Africa,1.953295769454059,0.28081796762380895
2005,Nigeria,Sub-Saharan Africa,0.4494188449392884,1.5792828321162253
2005,Philippines,East Asia & Pacific,0.3542023322592347,1.8158116757575065
2005,Tanzania,Sub-Saharan Africa,0.7482710502157777,-0.3471735894974679
2005,Taiwan,East Asia & Pacific,-4.138406334160749,-0.5049228847321481
2005,Thailand,East Asia & Pacific,-0.12814658665556022,1.5600361644927054
2005,Uganda,Sub-Saharan Africa,1.7193651816855042,-0.43064727190103236
2005,Venezuela,Latin America & Caribbean,1.8395043036947816,-0.5659735381897897
2005,Benin,Sub-Saharan Africa,-0.06860917591947624,0.5947036564055472
2005,Bhutan,East Asia & Pacific,1.547505917311725,-1.8705520808991403
2005,Burkina Faso,Sub-Saharan Africa,0.4529545924673646,0.34329376813803014
2005,Cambodia,East Asia & Pacific,2.847923817397174,-0.13883473280038539
2005,Indonesia,East Asia & Pacific,-0.21795218968290397,1.8212180554572135
2005,Mozambique,Sub-Saharan Africa,1.0202568194876283,0.7773709118071586
2005,Nepal,East Asia & Pacific,2.228254379988727,0.5148136436644584
2005,Nicaragua,Latin America & Caribbean,1.0825932643423646,1.805547815531829
2005,Niger,Sub-Saharan Africa,0.6316800735006898,0.24703018066320714
2005,Zambia,Sub-Saharan Africa,0.57081204867464,-0.047809857159516245
2005,Zimbabwe,Sub-Saharan Africa,2.0904050490866273,-0.5462700307663888
2005,Guinea,Sub-Saharan Africa,3.4356508872519105,-0.5524782121476144
2005,Ivory Coast,Sub-Saharan Africa,1.4547315261374085,0.2568685233298331
2005,Mauritania,Sub-Saharan Africa,3.605650963545856,-0.2968707263764352
2005,Canada,W. Europe & N. America,-4.626226601838056,-0.10350717905130091
2005,Australia,W. Europe & N. America,-4.707576689957563,0.16852555868063268
2005,Botswana,Sub-Saharan Africa,-1.057983813523236,0.48808894750509557
2005,Burundi,Sub-Saharan Africa,2.3373704574118226,0.0656851350966483
2005,Cape Verde,Sub-Saharan Africa,-1.181754646538678,0.5459574877921134
2005,Central African Republic,Sub-Saharan Africa,2.945452751875934,0.36691312190923986
2005,Chile,Latin America & Caribbean,-3.5690751054276855,0.08154116269979772
2005,Costa Rica,Latin America & Caribbean,-3.8996613600243957,-0.08061649206247035
2005,Timor-Leste,East Asia & Pacific,1.075502218962726,1.057594266504386
2005,Ecuador,Latin America & Caribbean,0.5639444015036195,1.8746089756194144
2005,France,W. Europe & N. America,-4.204280314682904,0.1011148512068778
2005,Germany,W. Europe & N. America,-4.938312468766156,1.1806419685188323
2005,Guatemala,Latin America & Caribbean,0.9796455523977845,1.7630736648741752
2005,Iran,Middle East & N. Africa,2.636040272475299,-1.6748290241059274
2005,Iraq,Middle East & N. Africa,2.932785572768268,0.533370298117736
2005,Ireland,W. Europe & N. America,-4.352087078331891,0.2312871038619071
2005,Italy,W. Europe & N. America,-3.835357842682782,0.6595156907740622
2005,Jordan,Middle East & N. Africa,1.68244797206026,-1.4224164665039987
2005,Latvia,E. Europe & Central Asia,-3.3211995937814147,0.9641860097352057
2005,Lesotho,Sub-Saharan Africa,0.3216565272818177,0.07232616540823278
2005,Liberia,Sub-Saharan Africa,0.8913872859488099,1.2664201825562507
2005,Malawi,Sub-Saharan Africa,0.8657038829336732,0.2142510235014945
2005,Maldives,East Asia & Pacific,2.038498940230426,-0.8059030950364083
2005,Mongolia,E. Europe & Central Asia,-1.0687087156762511,0.09494672414694127
2005,Morocco,Middle East & N. Africa,1.5223909041891663,-0.884281891613862
2005,Netherlands,W. Europe & N. America,-4.697259602784101,1.2367235466543227
2005,Panama,Latin America & Caribbean,-0.8725103714455993,1.156611599743703
2005,Papua New Guinea,East Asia & Pacific,0.30416304087739876,1.1573691952678948
2005,Qatar,Middle East & N. Africa,2.239172997237262,-2.520227926998994
2005,Sierra Leone,Sub-Saharan Africa,0.7604141852865784,0.6305864870253592
2005,Spain,W. Europe & N. America,-4.788578448533002,0.4561716735068351
2005,Syria,Middle East & N. Africa,3.5673905036459534,-2.0602455318268746
2005,Tunisia,Middle East & N. Africa,2.8664651534567445,-1.5399995029267282
2005,Türkiye,Middle East & N. Africa,-0.2369970657815368,1.5288826644125968
2005,Ukraine,E. Europe & Central Asia,-0.3281108715524108,-0.9425161063965768
2005,United Kingdom,W. Europe & N. America,-4.798070130585614,-0.09083034399118128
2005,Uruguay,Latin America & Caribbean,-4.138696370362226,0.15708933469686803
2005,Algeria,Middle East & N. Africa,1.9380827567587464,-1.2115850627716989
2005,Angola,Sub-Saharan Africa,2.918012680769977,-0.5697285116013497
2005,Armenia,E. Europe & Central Asia,0.10938769793611458,-1.1131773174103707
2005,Azerbaijan,E. Europe & Central Asia,3.139032902480182,-1.9040701568421334
2005,Belarus,E. Europe & Central Asia,1.770951332808551,-1.657618540554902
2005,Cameroon,Sub-Saharan Africa,3.0964718482504456,-0.7251877963837594
2005,Chad,Sub-Saharan Africa,3.578703942061481,-0.39505435827340785
2005,China,East Asia & Pacific,2.75763803935152,-2.2197673499878854
2005,Democratic Republic of the Congo,Sub-Saharan Africa,3.3495660445700257,-0.06288577917184535
2005,Republic of the Congo,Sub-Saharan Africa,3.562022747756061,-0.617161530285737
2005,Djibouti,Sub-Saharan Africa,3.3777022979269593,-1.013099211483857
2005,Dominican Republic,Latin America & Caribbean,0.7247176787863343,1.9848651706877738
2005,Eritrea,Sub-Saharan Africa,3.6925478599081605,-1.980766791134736
2005,Gabon,Sub-Saharan Africa,2.273340763808307,-0.35357560518350306
2005,The Gambia,Sub-Saharan Africa,3.031289162398395,-0.8192011297043771
2005,Georgia,E. Europe & Central Asia,-0.6862627842416198,-0.6496125638779611
2005,Guinea-Bissau,Sub-Saharan Africa,1.3156018874655335,1.154780533880332
2005,Jamaica,Latin America & Caribbean,-1.9588080027093322,0.14596692916784582
2005,Kazakhstan,E. Europe & Central Asia,2.844507755995807,-1.8578908622559518
2005,Kyrgyzstan,E. Europe & Central Asia,0.3701949737082093,-1.2365610778626412
2005,Laos,East Asia & Pacific,3.263108315230426,-2.3636787116822213
2005,Libya,Middle East & N. Africa,3.3179727218161195,-2.210270422726533
2005,Madagascar,Sub-Saharan Africa,1.574784340621051,1.0503006547394782
2005,Moldova,E. Europe & Central Asia,-0.21917289280790397,-0.8901121795472116
2005,Namibia,Sub-Saharan Africa,-0.8666577913751037,0.5908835947218924
2005,Palestine/West Bank,Middle East & N. Africa,1.7467995307455628,0.3980920731726676
2005,Rwanda,Sub-Saharan Africa,2.5353136680136292,-1.7133972823914498
2005,Somalia,Sub-Saharan Africa,3.4431043288717835,0.19517735835943517
2005,Sri Lanka,East Asia & Pacific,1.6453090331564515,-0.1446446359452218
2005,Eswatini,Sub-Saharan Africa,3.1433811805258363,-1.300488013058564
2005,Tajikistan,E. Europe & Central Asia,3.2863093039999574,-1.663665550976655
2005,Togo,Sub-Saharan Africa,2.263084950209674,-0.42030252817239466
2005,Trinidad and Tobago,Latin America & Caribbean,-1.9837264397134216,-0.07668306234445277
2005,Turkmenistan,E. Europe & Central Asia,3.7178493163595765,-2.254716175824067
2005,Somaliland,Sub-Saharan Africa,2.8263703010092347,0.45714978572759923
2005,Uzbekistan,E. Europe & Central Asia,3.4526563308249085,-2.3233680904206246
2005,Austria,W. Europe & N. America,-4.213818726777021,0.5790419399443656
2005,Bahrain,Middle East & N. Africa,2.3284168860922425,-1.0760321796235055
2005,Barbados,Latin America & Caribbean,-2.1646876909722716,-0.061170476704499155
2005,Belgium,W. Europe & N. America,-4.423072037934247,0.45296518203649816
2005,Bosnia and Herzegovina,E. Europe & Central Asia,-1.0476447918404967,-0.5251618802842111
2005,Bulgaria,E. Europe & Central Asia,-2.5643305757035644,0.5067270219031363
2005,Comoros,Sub-Saharan Africa,2.099397244216022,0.3103193461600333
2005,Croatia,E. Europe & Central Asia,-1.642935452698651,-0.33729304674234095
2005,Cuba,Latin America & Caribbean,3.436175884963092,-2.4930899322327584
2005,Cyprus,W. Europe & N. America,-2.7977744989981086,0.15838752386007604
2005,Czechia,E. Europe & Central Asia,-3.6272116281976134,0.8561603843871146
2005,Denmark,W. Europe & N. America,-4.594162879227582,0.9956189959946662
2005,Equatorial Guinea,Sub-Saharan Africa,3.6420364997397034,-1.7635176360901803
2005,Estonia,E. Europe & Central Asia,-3.917736230133954,1.1754711687270194
2005,Fiji,East Asia & Pacific,1.2303240916739075,0.8133531331721335
2005,Finland,W. Europe & N. America,-4.929591117142621,1.1242878518703967
2005,Greece,W. Europe & N. America,-4.084658203362409,-0.02670444849099818
2005,Guyana,Latin America & Caribbean,-0.18015068554777214,0.2086483657065421
2005,Hong Kong,East Asia & Pacific,-2.5844030209769637,-0.020677822857758432
2005,Iceland,W. Europe & N. America,-4.190460262535993,0.9777683585587531
2005,Israel,Middle East & N. Africa,-4.384235320328656,-0.5934765518006295
2005,Kuwait,Middle East & N. Africa,1.1124609134207337,-0.9463339031037301
2005,Lithuania,E. Europe & Central Asia,-3.5319702007760436,0.8140464842024833
2005,Luxembourg,W. Europe & N. America,-4.233351049660627,1.072020743757823
2005,North Macedonia,E. Europe & Central Asia,-1.1423864939202697,-0.40687050226297083
2005,Malaysia,East Asia & Pacific,1.0422063491354554,-0.4901901662644357
2005,Malta,W. Europe & N. America,-2.1408766486634643,-0.16987873914804164
2005,Mauritius,Sub-Saharan Africa,-1.5151728966226012,-0.20870091322030726
2005,Montenegro,E. Europe & Central Asia,-1.0035142281045348,-0.6200938403901071
2005,New Zealand,W. Europe & N. America,-4.433727083443586,0.9291375845376044
2005,Norway,W. Europe & N. America,-4.537550745247785,1.1665040541145593
2005,Oman,Middle East & N. Africa,2.0658150336752503,-2.397435206204316
2005,Paraguay,Latin America & Caribbean,0.5213945529471009,2.26732359525595
2005,Romania,E. Europe & Central Asia,-1.95236670756239,0.2721133649054557
2005,Sao Tome and Principe,Sub-Saharan Africa,-0.27084153675932,0.7846664309206992
2005,Saudi Arabia,Middle East & N. Africa,2.568540158034381,-2.5497093379792184
2005,Serbia,E. Europe & Central Asia,-1.1062068321694762,-0.07832064035501185
2005,Seychelles,Sub-Saharan Africa,-0.5701343395699889,-0.20446230772103968
2005,Singapore,East Asia & Pacific,-1.4470598080148132,-0.021491664677521616
2005,Slovakia,E. Europe & Central Asia,-3.041877207993451,0.6292586743536979
2005,Slovenia,E. Europe & Central Asia,-3.175929574011746,0.25576643344793615
2005,Solomon Islands,East Asia & Pacific,0.3881676814566224,1.2578104331794768
2005,Vanuatu,East Asia & Pacific,-0.42250746273893425,0.8287499963942557
2005,United Arab Emirates,Middle East & N. Africa,2.3523288390646546,-2.494799870282075
2005,Hungary,E. Europe & Central Asia,-3.498634336232129,0.39170579311285314
2005,Zanzibar,Sub-Saharan Africa,1.411526741744098,0.0047887384596854154
2015,Mexico,Latin America & Caribbean,0.03560044612298463,1.1157162167371235
2015,Suriname,Latin America & Caribbean,0.9287867769182727,-0.5182477257906475
2015,Sweden,W. Europe & N. America,5.940956972497801,1.0438613869489155
2015,Switzerland,W. Europe & N. America,5.444268606561522,0.3657462574780903
2015,Ghana,Sub-Saharan Africa,0.6117208227098987,-0.293819191282896
2015,South Africa,Sub-Saharan Africa,0.09905984248528932,-0.30934190971246145
2015,Japan,East Asia & Pacific,4.915147684472899,0.05962490814337351
2015,Burma/Myanmar,East Asia & Pacific,-2.771239616018434,-0.5653441570459881
2015,Russia,E. Europe & Central Asia,-3.0964878574429946,-1.5308784715591945
2015,Albania,E. Europe & Central Asia,1.2664793952883289,0.6483381964505635
2015,Egypt,Middle East & N. Africa,-3.794851161581178,-0.6509631298243084
2015,Yemen,Middle East & N. Africa,-3.8921631351529555,0.37581670063147166
2015,Colombia,Latin America & Caribbean,0.07972779120812867,0.9428265072644673
2015,Poland,E. Europe & Central Asia,3.723438881296019,0.8567981697858296
2015,Brazil,Latin America & Caribbean,2.960832975763182,0.1935651280225239
2015,United States of America,W. Europe & N. America,4.368217371362547,-0.2994744203745403
2015,Portugal,W. Europe & N. America,4.706345938104491,0.8621451832593403
2015,El Salvador,Latin America & Caribbean,-0.09270939980139281,1.4014177300275288
2015,Bangladesh,East Asia & Pacific,-3.2265118137418227,-0.5701647422968426
2015,Bolivia,Latin America & Caribbean,0.36179282512078736,0.539473889046999
2015,Haiti,Latin America & Caribbean,-1.2946394458829358,1.3286917187512837
2015,Honduras,Latin America & Caribbean,-0.6903463378964856,1.3193337895215473
2015,Mali,Sub-Saharan Africa,-1.417292214971681,0.4530541874707661
2015,Pakistan,East Asia & Pacific,-1.1948777214108899,-0.5422388933359661
2015,Peru,Latin America & Caribbean,0.8586155399263904,0.38063728588232615
2015,Senegal,Sub-Saharan Africa,0.2141331657351062,-0.5151649139582195
2015,South Sudan,Sub-Saharan Africa,-3.9869812503873305,0.15786397235998728
2015,Sudan,Sub-Saharan Africa,-3.9514940753995376,-0.03932833892693899
2015,Vietnam,East Asia & Pacific,-4.001566745382448,-1.3534501328825035
2015,Afghanistan,East Asia & Pacific,-2.364611960989137,0.8664011933148823
2015,Argentina,Latin America & Caribbean,2.7360720261515183,0.05322062748083689
2015,Ethiopia,Sub-Saharan Africa,-3.386426784139772,-0.5388896487413921
2015,India,East Asia & Pacific,-1.0828999057828381,-0.9038391731440105
2015,Kenya,Sub-Saharan Africa,-0.12189946327795531,0.2224887587369404
2015,North Korea,East Asia & Pacific,-4.817638255697389,-0.9528493009268322
2015,South Korea,East Asia & Pacific,3.738385938066344,-0.059391739195493676
2015,Kosovo,E. Europe & Central Asia,1.3398551567972705,0.7611651398480854
2015,Lebanon,Middle East & N. Africa,-1.630939103704591,-0.4516307733713665
2015,Nigeria,Sub-Saharan Africa,-0.3089054599820569,0.6745266892255268
2015,Philippines,East Asia & Pacific,-0.35463533554663207,1.1524827458203755
2015,Tanzania,Sub-Saharan Africa,-0.7812601104794934,-1.2843975181452014
2015,Taiwan,East Asia & Pacific,3.8751851543367906,-0.04776525718560598
2015,Thailand,East Asia & Pacific,-2.817497111898561,-0.6262368581949749
2015,Uganda,Sub-Saharan Africa,-2.4055207744656997,-0.7900247595964947
2015,Venezuela,Latin America & Caribbean,-2.684579230886598,-0.7319288275896587
2015,Benin,Sub-Saharan Africa,0.2561868652285144,-0.21278810722222707
2015,Bhutan,East Asia & Pacific,0.5045758708895252,-1.1936884395538845
2015,Burkina Faso,Sub-Saharan Africa,-0.29114327583899047,-0.14012551528802297
2015,Cambodia,East Asia & Pacific,-3.2313498035489516,-0.5606045149027385
2015,Indonesia,East Asia & Pacific,-0.13848838959326293,0.7836551644147358
2015,Mozambique,Sub-Saharan Africa,-1.244661428075929,0.7190604187787495
2015,Nepal,East Asia & Pacific,-0.5141323581754162,-0.5063096903025188
2015,Nicaragua,Latin America & Caribbean,-2.9928968921719985,-0.41958058101525686
2015,Niger,Sub-Saharan Africa,-0.9305149093686536,-0.08220231754174612
2015,Zambia,Sub-Saharan Africa,-0.8909004703580334,-1.0779072217403927
2015,Zimbabwe,Sub-Saharan Africa,-2.1399239078580337,-1.2226924471317806
2015,Guinea,Sub-Saharan Africa,-2.553632594686647,0.25549411552557566
2015,Ivory Coast,Sub-Saharan Africa,-1.0198369995175793,0.0033265330136738047
2015,Mauritania,Sub-Saharan Africa,-3.2044938579617934,0.056384442025514625
2015,Canada,W. Europe & N. America,4.678095243829588,-0.26735139114251516
2015,Australia,W. Europe & N. America,4.896109245675902,0.046707508736940406
2015,Botswana,Sub-Saharan Africa,0.8032486661852405,-0.8957150302588024
2015,Burundi,Sub-Saharan Africa,-3.385426379781862,-0.017060639685300805
2015,Cape Verde,Sub-Saharan Africa,1.2356230839670703,-0.23295426589837454
2015,Central African Republic,Sub-Saharan Africa,-2.012262202840944,0.6430901266873799
2015,Chile,Latin America & Caribbean,4.183829210656981,0.8102748371900044
2015,Costa Rica,Latin America & Caribbean,4.115724705118041,0.4772778727353535
2015,Timor-Leste,East Asia & Pacific,0.5270414575518176,0.1995397784055195
2015,Ecuador,Latin America & Caribbean,-0.1213186756192639,0.5334156729520283
2015,France,W. Europe & N. America,4.274713180917601,0.07055103557715037
2015,Germany,W. Europe & N. America,5.61460771407495,0.9855165459454975
2015,Guatemala,Latin America & Caribbean,-0.6141854301511243,1.4035587288678608
2015,Iran,Middle East & N. Africa,-3.677695609670778,-0.9527866266428509
2015,Iraq,Middle East & N. Africa,-2.5600031391202407,0.7037085272611103
2015,Ireland,W. Europe & N. America,4.916599892038207,0.28722512500891306
2015,Italy,W. Europe & N. America,4.689648292917113,0.612030623132082
2015,Jordan,Middle East & N. Africa,-2.648871280294557,-1.6198879502474346
2015,Latvia,E. Europe & Central Asia,4.408320330041747,1.3126749970258198
2015,Lesotho,Sub-Saharan Africa,-0.3403557315885022,-0.29863196832528494
2015,Liberia,Sub-Saharan Africa,-0.6330052391110852,0.4873377062619648
2015,Malawi,Sub-Saharan Africa,-0.49055442963232543,0.269862768823
2015,Maldives,East Asia & Pacific,-2.339474536520143,-1.0584556184469738
2015,Mongolia,E. Europe & Central Asia,1.6052596196116016,0.4315845944226704
2015,Morocco,Middle East & N. Africa,-2.188116408926149,-1.3091860547422447
2015,Netherlands,W. Europe & N. America,5.453592918771605,0.6463264204801045
2015,Panama,Latin America & Caribbean,0.8305881246508167,0.4472732521832905
2015,Papua New Guinea,East Asia & Pacific,0.3484435304583118,0.3469789006055317
2015,Qatar,Middle East & N. Africa,-4.065178252798219,-1.8476637027918377
2015,Sierra Leone,Sub-Saharan Africa,-0.7303803936063245,0.5597654558957539
2015,Spain,W. Europe & N. America,5.046543739694457,0.13254046219000437
2015,Syria,Middle East & N. Africa,-4.216992713552614,-0.1381907485186138
2015,Tunisia,Middle East & N. Africa,0.23673298205743287,-0.14223957282891653
2015,Türkiye,Middle East & N. Africa,-1.9339962974606946,-1.0573411158978023
2015,Ukraine,E. Europe & Central Asia,1.2361334189356372,1.50929307716498
2015,United Kingdom,W. Europe & N. America,4.769081972497801,-0.06823671085229299
2015,Uruguay,Latin America & Caribbean,4.342615984338622,0.49592733162054636
2015,Algeria,Middle East & N. Africa,-2.86864743385901,-1.2792332306264915
2015,Angola,Sub-Saharan Africa,-2.837124683004518,-0.15404331905236623
2015,Armenia,E. Europe & Central Asia,1.0088846310556934,1.543982503587099
2015,Azerbaijan,E. Europe & Central Asia,-4.1154812351285415,-0.8611089013277569
2015,Belarus,E. Europe & Central Asia,-3.423385955434938,-1.5437271319090404
2015,Cameroon,Sub-Saharan Africa,-2.3998650089322524,-0.030560257261899926
2015,Chad,Sub-Saharan Africa,-3.354681827169557,0.20549499767431834
2015,China,East Asia & Pacific,-4.277875758749147,-1.297817739540992
2015,Democratic Republic of the Congo,Sub-Saharan Africa,-2.9237793460904555,0.4502658821881733
2015,Republic of the Congo,Sub-Saharan Africa,-3.5498326793729262,0.13791346328863718
2015,Djibouti,Sub-Saharan Africa,-3.702648021322389,-0.32894337398400686
2015,Dominican Republic,Latin America & Caribbean,-0.45909223709692504,1.0283999420941792
2015,Eritrea,Sub-Saharan Africa,-4.684851028066774,-0.6032889507471599
2015,Gabon,Sub-Saharan Africa,-1.5408826843320325,0.026776073151918434
2015,The Gambia,Sub-Saharan Africa,-2.7590616718350844,-0.8003876529394665
2015,Georgia,E. Europe & Central Asia,2.0982528253973527,0.5611503102124653
2015,Guinea-Bissau,Sub-Saharan Africa,-0.9708236232816174,0.5125018336118183
2015,Jamaica,Latin America & Caribbean,1.8292036652148769,-0.4435040972887554
2015,Kazakhstan,E. Europe & Central Asia,-3.771361686330934,-1.5067888073383846
2015,Kyrgyzstan,E. Europe & Central Asia,1.2578949555338428,1.4018075444043598
2015,Laos,East Asia & Pacific,-4.5265825763761,-1.2266173533855953
2015,Libya,Middle East & N. Africa,-2.535484172445436,0.7285349346936665
2015,Madagascar,Sub-Saharan Africa,-1.2239950672208264,0.9850511528790913
2015,Moldova,E. Europe & Central Asia,1.5594007595957324,1.1114809490979634
2015,Namibia,Sub-Saharan Africa,0.5464352592409656,-0.7040316484629192
2015,Palestine/West Bank,Middle East & N. Africa,-1.9229997173367932,-0.4735806010424175
2015,Rwanda,Sub-Saharan Africa,-3.729958392721315,-1.2986236599965968
2015,Somalia,Sub-Saharan Africa,-2.404279567342897,0.8802683331311665
2015,Sri Lanka,East Asia & Pacific,-0.6142009273587659,-0.9617777488886394
2015,Eswatini,Sub-Saharan Africa,-3.7425378337918715,-1.0147740565001049
2015,Tajikistan,E. Europe & Central Asia,-4.389409877401491,-0.8612625322996654
2015,Togo,Sub-Saharan Africa,-1.429257489782472,-0.02691865188470266
2015,Trinidad and Tobago,Latin America & Caribbean,1.7278073802174136,-0.6153225920855083
2015,Turkmenistan,E. Europe & Central Asia,-4.677477218252321,-1.060687722986845
2015,Palestine/Gaza,Middle East & N. Africa,-2.710993148428102,-0.001718880957273461
2015,Somaliland,Sub-Saharan Africa,-2.0318003669797378,0.5120798327268086
2015,Uzbekistan,E. Europe & Central Asia,-4.499806262594362,-1.2255922801553287
2015,Austria,W. Europe & N. America,4.785465381997923,0.7225384690106831
2015,Bahrain,Middle East & N. Africa,-3.759116984945436,-0.4438482545076885
2015,Barbados,Latin America & Caribbean,1.3306530937136218,-0.8320187054335155
2015,Belgium,W. Europe & N. America,4.728766821283202,0.3565616585553608
2015,Bosnia and Herzegovina,E. Europe & Central Asia,1.2305208667696521,1.1841182686627827
2015,Bulgaria,E. Europe & Central Asia,2.518871031659941,0.6129384018720112
2015,Comoros,Sub-Saharan Africa,-1.9315446392117932,-3.626368700542226e-4
2015,Croatia,E. Europe & Central Asia,2.6629584654749436,0.6619578577817402
2015,Cuba,Latin America & Caribbean,-4.445349551778932,-1.2511368304251709
2015,Cyprus,W. Europe & N. America,3.2315172180117173,0.48996960895666697
2015,Czechia,E. Europe & Central Asia,4.406616352456908,1.0795176007092915
2015,Denmark,W. Europe & N. America,5.841224096673827,0.7187008835614643
2015,Equatorial Guinea,Sub-Saharan Africa,-4.493977405172487,-0.5898611567675152
2015,Estonia,E. Europe & Central Asia,5.241382740396361,1.0662019230664692
2015,Fiji,East Asia & Pacific,-0.32290897522558715,-1.1603953860460796
2015,Finland,W. Europe & N. America,5.656657598871092,0.9593298413098774
2015,Greece,W. Europe & N. America,3.8794868215502305,0.29972350376257517
2015,Guyana,Latin America & Caribbean,0.8907950147570178,-0.11507141811242483
2015,Hong Kong,East Asia & Pacific,1.8556065335453555,1.0001692749799214
2015,Iceland,W. Europe & N. America,5.26313271369348,1.077744004899355
2015,Israel,Middle East & N. Africa,3.459378026384215,0.11971854942450144
2015,Kuwait,Middle East & N. Africa,-2.354483939748903,-1.8297202609240093
2015,Lithuania,E. Europe & Central Asia,4.7383817657412095,1.1793003060162983
2015,Luxembourg,W. Europe & N. America,4.981663368600707,0.8768208004773579
2015,North Macedonia,E. Europe & Central Asia,1.390940152067046,1.2226572014630757
2015,Malaysia,East Asia & Pacific,-1.5112358108579114,-1.262148524051813
2015,Malta,W. Europe & N. America,1.8295287340463207,-0.36996752244820974
2015,Mauritius,Sub-Saharan Africa,1.725389294284682,0.2343589045346699
2015,Montenegro,E. Europe & Central Asia,1.5538286789835498,0.7682661988080464
2015,New Zealand,W. Europe & N. America,5.275259636300902,0.8296191670239887
2015,Norway,W. Europe & N. America,5.712190054315428,0.9759857632459126
2015,Oman,Middle East & N. Africa,-4.129035331350465,-1.8382768057047405
2015,Paraguay,Latin America & Caribbean,-0.2659712806760266,1.366132733994814
2015,Romania,E. Europe & Central Asia,2.788253150838713,0.8476171471417866
2015,Sao Tome and Principe,Sub-Saharan Africa,1.0355542525232837,0.056907890015932105
2015,Saudi Arabia,Middle East & N. Africa,-4.30586609993567,-1.687352510517744
2015,Serbia,E. Europe & Central Asia,1.654818199533324,0.9962120034039936
2015,Seychelles,Sub-Saharan Africa,0.19646658744225953,-1.1959432236610927
2015,Singapore,East Asia & Pacific,0.4433861001909778,-1.3355234622715988
2015,Slovakia,E. Europe & Central Asia,3.548221610444884,0.7352600075543843
2015,Slovenia,E. Europe & Central Asia,4.255893610376219,0.6989792563260517
2015,Solomon Islands,East Asia & Pacific,0.7685059532106921,0.2203910328687153
2015,Vanuatu,East Asia & Pacific,1.0955336317003772,-0.050687911337522484
2015,United Arab Emirates,Middle East & N. Africa,-4.157742358785768,-1.7695722602068462
2015,Hungary,E. Europe & Central Asia,1.7842596098364398,0.8358209111035786
2015,Zanzibar,Sub-Saharan Africa,-1.9337502494870618,-0.33563715440621755
2025,Mexico,Latin America & Caribbean,0.2878831215827159,0.8177971554368568
2025,Suriname,Latin America & Caribbean,1.7765286155669382,-1.6357746409803795
2025,Sweden,W. Europe & N. America,5.142491359326094,-1.8110766696363854
2025,Switzerland,W. Europe & N. America,4.897362727734297,-2.0524778651625084
2025,Ghana,Sub-Saharan Africa,0.5382846184699229,-0.7015788840681481
2025,South Africa,Sub-Saharan Africa,1.372545976254194,-0.5199706839949059
2025,Japan,East Asia & Pacific,3.8911466785399607,-1.6073088931471275
2025,Burma/Myanmar,East Asia & Pacific,-4.124598722842485,0.8048367214768959
2025,Russia,E. Europe & Central Asia,-4.134572487262041,1.9686302853196693
2025,Albania,E. Europe & Central Asia,1.4598316141097238,0.19888851171432265
2025,Egypt,Middle East & N. Africa,-3.8924398235352347,1.4257260275453163
2025,Yemen,Middle East & N. Africa,-3.5141506008179495,0.16088006025253065
2025,Colombia,Latin America & Caribbean,0.6700892635314158,0.2032293987840248
2025,Poland,E. Europe & Central Asia,3.9610290714232614,-0.7478156375318932
2025,Brazil,Latin America & Caribbean,2.0012231059996775,-0.4282870578199791
2025,United States of America,W. Europe & N. America,4.052780170056074,-0.30874016756119005
2025,Portugal,W. Europe & N. America,3.3828082271544626,-1.2563824939161705
2025,El Salvador,Latin America & Caribbean,-1.8344533256562063,1.0361057234376503
2025,Bangladesh,East Asia & Pacific,-0.7680658511193105,0.9132051182359291
2025,Bolivia,Latin America & Caribbean,0.2555146404235057,0.5303300333589149
2025,Haiti,Latin America & Caribbean,-1.4636573604615042,0.31039974218307265
2025,Honduras,Latin America & Caribbean,0.49061002216026106,0.05585309987960585
2025,Mali,Sub-Saharan Africa,-1.8586921505005667,-0.36585453027786485
2025,Pakistan,East Asia & Pacific,-1.1979158333809683,0.9956397724717689
2025,Peru,Latin America & Caribbean,0.5772465654341868,0.7746882153123451
2025,Senegal,Sub-Saharan Africa,-0.17292974510505876,-0.9801848220259117
2025,South Sudan,Sub-Saharan Africa,-3.9103488735230276,0.48574981218276747
2025,Sudan,Sub-Saharan Africa,-3.635656338122637,0.6794559670060707
2025,Vietnam,East Asia & Pacific,-4.229797821429521,2.30757786458431
2025,Afghanistan,East Asia & Pacific,-4.154038410571367,0.7561992121308876
2025,Argentina,Latin America & Caribbean,1.9442475028960398,-0.14782550806106798
2025,Ethiopia,Sub-Saharan Africa,-3.1713626197846243,1.2626357985108925
2025,India,East Asia & Pacific,-0.6854508630307027,0.8355605316728187
2025,Kenya,Sub-Saharan Africa,0.30825515470191756,-0.3253312396437096
2025,North Korea,East Asia & Pacific,-4.81893346824959,1.5403614354699684
2025,South Korea,East Asia & Pacific,4.231900233837813,-0.6137559699446129
2025,Kosovo,E. Europe & Central Asia,1.7672305294005564,0.5332112026780678
2025,Lebanon,Middle East & N. Africa,-1.3559476546318838,0.7083985519975258
2025,Nigeria,Sub-Saharan Africa,0.041005838724821,-0.1123833941847252
2025,Philippines,East Asia & Pacific,-1.1172908953697989,0.5874449921220375
2025,Tanzania,Sub-Saharan Africa,-0.6825734935076543,-0.4149921225935387
2025,Taiwan,East Asia & Pacific,4.340768832775801,-0.40491703027786485
2025,Thailand,East Asia & Pacific,-0.5723011753828832,0.37665459638534315
2025,Uganda,Sub-Saharan Africa,-2.7823839000733206,1.2010892344087196
2025,Venezuela,Latin America & Caribbean,-3.34939001121834,0.5058464718431068
2025,Benin,Sub-Saharan Africa,0.3032070585219554,-1.0840981292158531
2025,Bhutan,East Asia & Pacific,0.965018529507368,-1.7527723597914147
2025,Burkina Faso,Sub-Saharan Africa,-2.098450880435259,-0.26102498048843614
2025,Cambodia,East Asia & Pacific,-3.549136143115313,1.1263779116242958
2025,Indonesia,East Asia & Pacific,-0.3497434444101163,0.3231188965409828
2025,Mozambique,Sub-Saharan Africa,-2.3957938961060354,0.8564156008332802
2025,Nepal,East Asia & Pacific,0.20369495830222883,-1.3964503096968102
2025,Nicaragua,Latin America & Caribbean,-4.6650023273499315,1.1600771856874061
2025,Niger,Sub-Saharan Africa,-1.2289474419625113,-0.6298690127760338
2025,Zambia,Sub-Saharan Africa,-0.07701669254615984,-0.5484352397352623
2025,Zimbabwe,Sub-Saharan Africa,-2.8801896385224173,0.893670172747953
2025,Guinea,Sub-Saharan Africa,-2.7904591373474905,0.7122306538194252
2025,Ivory Coast,Sub-Saharan Africa,-1.4235272816689322,-0.23416831964554063
2025,Mauritania,Sub-Saharan Africa,-2.741063814547808,0.3795189571946693
2025,Canada,W. Europe & N. America,3.8951254077880075,-1.4625408934980797
2025,Australia,W. Europe & N. America,3.820175666424482,-1.681002645435946
2025,Botswana,Sub-Saharan Africa,1.061849732014387,-1.0836460875898766
2025,Burundi,Sub-Saharan Africa,-3.485998611834795,0.9438253355592323
2025,Cape Verde,Sub-Saharan Africa,1.8884673305480173,-1.5230379390150475
2025,Central African Republic,Sub-Saharan Africa,-2.7154826931031057,0.1102430534928871
2025,Chile,Latin America & Caribbean,3.311334867092817,-1.1115351008802818
2025,Costa Rica,Latin America & Caribbean,3.536676902386396,-1.2140646266371178
2025,Timor-Leste,East Asia & Pacific,1.504600305172651,-1.3195874976545738
2025,Ecuador,Latin America & Caribbean,-0.07058547058418474,0.5737701368897987
2025,France,W. Europe & N. America,4.074302215191572,-0.9492290305525231
2025,Germany,W. Europe & N. America,4.685890216442793,-1.532870321217196
2025,Guatemala,Latin America & Caribbean,0.7046712823836497,0.6270882797807289
2025,Iran,Middle East & N. Africa,-4.011532287982256,1.4110198927491737
2025,Iraq,Middle East & N. Africa,-1.2760856560738394,0.8207534266084267
2025,Ireland,W. Europe & N. America,4.704850215527266,-1.850945978108065
2025,Italy,W. Europe & N. America,3.3798477836577585,-0.5021400737196373
2025,Jordan,Middle East & N. Africa,-0.6887958905966588,-0.6096055793196129
2025,Latvia,E. Europe & Central Asia,4.936241168591231,-1.2060797500044274
2025,Lesotho,Sub-Saharan Africa,1.3321306892363718,-1.1342485236555504
2025,Liberia,Sub-Saharan Africa,0.0911982842414073,-0.17744901651443712
2025,Malawi,Sub-Saharan Africa,0.2635991760222606,-0.7017813014418053
2025,Maldives,East Asia & Pacific,-0.3880150727303334,-0.9834640311628746
2025,Mongolia,E. Europe & Central Asia,0.6779768653838328,-0.13693907732071153
2025,Morocco,Middle East & N. Africa,-0.730004858163149,-0.6405437278181481
2025,Netherlands,W. Europe & N. America,4.488305110546797,-1.3010649966627525
2025,Panama,Latin America & Caribbean,1.4098235555617502,-0.2901914405256676
2025,Papua New Guinea,East Asia & Pacific,1.4335510917632273,-0.8976075934797692
2025,Qatar,Middle East & N. Africa,-3.6030978969605276,2.5661046144932342
2025,Sierra Leone,Sub-Saharan Africa,-0.23180594661548815,-0.3286314296156334
2025,Spain,W. Europe & N. America,4.1785621829955275,-1.4102704810530113
2025,Syria,Middle East & N. Africa,-3.091213684466631,1.3049028826325966
2025,Tunisia,Middle East & N. Africa,-0.921679776099474,-0.9017911242872643
2025,Türkiye,Middle East & N. Africa,-2.362895589259417,1.1390945625871254
2025,Ukraine,E. Europe & Central Asia,1.0613503643004587,0.41590067869125136
2025,United Kingdom,W. Europe & N. America,4.151011008831709,-1.1324243831068443
2025,Uruguay,Latin America & Caribbean,3.4802951999633005,-1.6299286174208092
2025,Algeria,Middle East & N. Africa,-3.5376910976441214,1.7076572490304542
2025,Angola,Sub-Saharan Africa,-1.9927445463211844,1.171709747371061
2025,Armenia,E. Europe & Central Asia,1.8049898334471872,0.8700591040223671
2025,Azerbaijan,E. Europe & Central Asia,-4.642605286029131,1.6467933965295387
2025,Belarus,E. Europe & Central Asia,-4.5293235591919725,1.787458391246183
2025,Cameroon,Sub-Saharan Africa,-2.6683962158234427,0.5829854918092323
2025,Chad,Sub-Saharan Africa,-3.2387900165589163,0.26961609846053847
2025,China,East Asia & Pacific,-4.253983240512163,2.33838501697479
2025,Democratic Republic of the Congo,Sub-Saharan Africa,-2.5814938358338186,0.2245762062638832
2025,Republic of the Congo,Sub-Saharan Africa,-3.0487203411133597,0.8017339420884682
2025,Djibouti,Sub-Saharan Africa,-3.42923996963814,1.6798382115930153
2025,Dominican Republic,Latin America & Caribbean,1.1387987323729685,-0.5743248748213219
2025,Eritrea,Sub-Saharan Africa,-4.627150040057451,1.1640371990769935
2025,Gabon,Sub-Saharan Africa,-1.1151860765488455,-0.12339666360916368
2025,The Gambia,Sub-Saharan Africa,1.1418041177718332,-1.445416717472689
2025,Georgia,E. Europe & Central Asia,1.3916258998839548,1.0478002739518715
2025,Guinea-Bissau,Sub-Saharan Africa,-2.0720013193161795,0.2138051701158119
2025,Jamaica,Latin America & Caribbean,2.7410116382567575,-1.8566398906141686
2025,Kazakhstan,E. Europe & Central Asia,-3.96984956779793,1.8412221980660988
2025,Kyrgyzstan,E. Europe & Central Asia,-3.0342495254547903,2.0208502424329353
2025,Laos,East Asia & Pacific,-4.341306429293901,2.180055410918577
2025,Libya,Middle East & N. Africa,-1.9450481943161795,0.32990166669784315
2025,Madagascar,Sub-Saharan Africa,-1.811622004893572,0.47744128232894667
2025,Moldova,E. Europe & Central Asia,2.0028174110381296,0.40597936635909804
2025,Namibia,Sub-Saharan Africa,0.8779070564238719,-0.9453158664137291
2025,Palestine/West Bank,Middle East & N. Africa,-1.956614237216265,0.7452543688386513
2025,Rwanda,Sub-Saharan Africa,-3.894684772876055,2.0437376809686256
2025,Somalia,Sub-Saharan Africa,-1.5937696508438894,0.4235481930345131
2025,Sri Lanka,East Asia & Pacific,1.05569233379051,-1.5134580420881676
2025,Eswatini,Sub-Saharan Africa,-3.495341282275469,1.341094226893766
2025,Tajikistan,E. Europe & Central Asia,-4.908391456988603,1.541663975772245
2025,Togo,Sub-Saharan Africa,-1.4362854770691702,0.033736438807828506
2025,Trinidad and Tobago,Latin America & Caribbean,2.2204375453917673,-1.8160300540357994
2025,Turkmenistan,E. Europe & Central Asia,-4.778996925738603,1.4981649828523231
2025,Palestine/Gaza,Middle East & N. Africa,-2.349320035365374,0.6029648495286537
2025,Somaliland,Sub-Saharan Africa,-0.8514936975510426,0.0762302589982582
2025,Uzbekistan,E. Europe & Central Asia,-4.312279205706865,1.888407082614286
2025,Austria,W. Europe & N. America,3.847470302197187,-1.2000491904646324
2025,Bahrain,Middle East & N. Africa,-3.8197650722534964,1.5570929957002235
2025,Barbados,Latin America & Caribbean,2.3674602695433786,-1.8319888400465416
2025,Belgium,W. Europe & N. America,4.480689544293135,-1.8354378032118248
2025,Bosnia and Herzegovina,E. Europe & Central Asia,1.5031439252822092,0.6439181280702186
2025,Bulgaria,E. Europe & Central Asia,1.8481362052886179,0.31833335882125624
2025,Comoros,Sub-Saharan Africa,-2.4519661478073904,0.7893578720658851
2025,Croatia,E. Europe & Central Asia,2.541371125790327,-0.07711174959244005
2025,Cuba,Latin America & Caribbean,-4.599172573474199,1.9460646820634437
2025,Cyprus,W. Europe & N. America,3.169061917874067,-0.7102208423048424
2025,Czechia,E. Europe & Central Asia,4.671302337261885,-0.887628107014315
2025,Denmark,W. Europe & N. America,5.159446258160322,-1.9388914393812584
2025,Equatorial Guinea,Sub-Saharan Africa,-4.443124752429277,1.217323155459745
2025,Estonia,E. Europe & Central Asia,5.223076839062422,-1.6007552432447838
2025,Fiji,East Asia & Pacific,0.4590053745238475,-1.575557737293856
2025,Finland,W. Europe & N. America,4.4166202732054884,-1.6411409663587975
2025,Greece,W. Europe & N. America,3.4992211051909616,-0.7050245093733238
2025,Guyana,Latin America & Caribbean,0.7815932222335032,-0.5641467856794762
2025,Hong Kong,East Asia & Pacific,-3.80994270363167,1.8531173182099892
2025,Iceland,W. Europe & N. America,4.193209666821211,-1.9968014048963951
2025,Israel,Middle East & N. Africa,4.006040591809004,-0.40287187570633165
2025,Kuwait,Middle East & N. Africa,-2.9392504505188772,2.266635732111318
2025,Lithuania,E. Europe & Central Asia,4.601106662365645,-0.9779351043135094
2025,Luxembourg,W. Europe & N. America,4.100021380993574,-1.9739828395277428
2025,North Macedonia,E. Europe & Central Asia,1.3799916692702463,0.48875364786086806
2025,Malaysia,East Asia & Pacific,0.15343566617652693,-1.4066424655348229
2025,Malta,W. Europe & N. America,2.5392036624877146,-1.665305166187899
2025,Mauritius,Sub-Saharan Africa,0.7688319869963817,-1.301847963276522
2025,Montenegro,E. Europe & Central Asia,2.120144862744062,0.4399418545335365
2025,New Zealand,W. Europe & N. America,4.466548461529463,-1.8041253375441002
2025,Norway,W. Europe & N. America,5.087838668438643,-1.8423600482374596
2025,Oman,Middle East & N. Africa,-3.2525169662506888,2.4462813449472023
2025,Paraguay,Latin America & Caribbean,0.6818380542723826,0.4762885284989906
2025,Romania,E. Europe & Central Asia,2.2585306354491403,0.5484373283952308
2025,Sao Tome and Principe,Sub-Saharan Africa,1.5535862632720163,-1.3285675334364342
2025,Saudi Arabia,Middle East & N. Africa,-3.55804536857918,2.3407124293416572
2025,Serbia,E. Europe & Central Asia,1.3447847553221872,1.0677172852128578
2025,Seychelles,Sub-Saharan Africa,2.816403169247358,-1.76926901811661
2025,Singapore,East Asia & Pacific,0.7376501747100047,-1.8109779643446373
2025,Slovakia,E. Europe & Central Asia,2.53856803855583,0.20140740400253065
2025,Slovenia,E. Europe & Central Asia,3.048643846127241,-0.22159674638809435
2025,Solomon Islands,East Asia & Pacific,1.5880086608855417,-1.115474729481356
2025,Vanuatu,East Asia & Pacific,2.034405965420454,-1.630332021656649
2025,United Arab Emirates,Middle East & N. Africa,-3.558529119876177,2.6073853907555176
2025,Hungary,E. Europe & Central Asia,1.7049098201720407,0.9539620590776039
2025,Zanzibar,Sub-Saharan Africa,-0.9485602489979573,-0.31522324556411974
