country_name,iso3,stakeholder,fit_inst,fit,share,resource_rents_pct_gdp,resource_rents_year
Afghanistan,AFG,Magicians,0.28483083079006,0.28483083079006,0.2302326348347888,0.428525449642917,2021
Afghanistan,AFG,Workhorses,0.14021389611512128,0.14021389611512128,0.1133367994380835,0.428525449642917,2021
Afghanistan,AFG,Rentiers,0.5287489311805169,0.11606683855182079,0.09381840435815032,0.428525449642917,2021
Afghanistan,AFG,Powerbrokers,0.8917910447761194,0.6960320349472151,0.5626121613689774,0.428525449642917,2021
Albania,ALB,Magicians,0.5292600067066686,0.5292600067066686,0.3654287811509087,1.44260146706838,2021
Albania,ALB,Workhorses,0.5670906177549236,0.5670906177549236,0.3915490130036431,1.44260146706838,2021
Albania,ALB,Rentiers,0.45061466229006486,0.17035432354868305,0.11762153200569503,1.44260146706838,2021
Albania,ALB,Powerbrokers,0.2920181700194679,0.1816210569633276,0.12540067383975323,1.44260146706838,2021
Algeria,DZA,Magicians,0.4062406653774289,0.4062406653774289,0.31181325989500863,22.5902703479201,2021
Algeria,DZA,Workhorses,0.33502818519456073,0.33502818519456073,0.25715355326421463,22.5902703479201,2021
Algeria,DZA,Rentiers,0.5252112282166677,0.46436358592327326,0.3564259707204504,22.5902703479201,2021
Algeria,DZA,Powerbrokers,0.8389960137202188,0.09720075768709852,0.07460721612032632,22.5902703479201,2021
Angola,AGO,Magicians,0.424364682585251,0.424364682585251,0.32813460049810905,29.9674348417559,2021
Angola,AGO,Workhorses,0.277197566633132,0.277197566633132,0.21433949741549965,29.9674348417559,2021
Angola,AGO,Rentiers,0.5812392739067862,0.5493419966801942,0.42477172115112777,29.9674348417559,2021
Angola,AGO,Powerbrokers,0.7718897747288402,0.042359804710729074,0.03275418093526356,29.9674348417559,2021
Argentina,ARG,Magicians,0.5228118538909844,0.5228118538909844,0.31109560115852763,2.65308888983975,2021
Argentina,ARG,Workhorses,0.540777017432512,0.540777017432512,0.3217856482763732,2.65308888983975,2021
Argentina,ARG,Rentiers,0.5483811756582333,0.2608154372033061,0.1551964337157236,2.65308888983975,2021
Argentina,ARG,Powerbrokers,0.6791624177250395,0.35614614588020366,0.21192231684937557,2.65308888983975,2021
Armenia,ARM,Magicians,0.49742053538649217,0.49742053538649217,0.36601144180914746,7.05429982361028,2021
Armenia,ARM,Workhorses,0.5390672191577103,0.5390672191577103,0.3966558597398011,7.05429982361028,2021
Armenia,ARM,Rentiers,0.35569237342427806,0.2342364410355002,0.17235560538535605,7.05429982361028,2021
Armenia,ARM,Powerbrokers,0.25860990080652635,0.08830581978759436,0.06497709306569543,7.05429982361028,2021
Australia,AUS,Magicians,0.7162995166591419,0.7162995166591419,0.3587379287136889,13.3578752832739,2021
Australia,AUS,Workhorses,0.9154104763956465,0.9154104763956465,0.45845690327507815,13.3578752832739,2021
Australia,AUS,Rentiers,0.4507016144102093,0.36001165541303304,0.180301441746072,13.3578752832739,2021
Australia,AUS,Powerbrokers,0.024844720496894457,0.00499924253900925,0.0025037262651608863,13.3578752832739,2021
Austria,AUT,Magicians,0.7068672634260984,0.7068672634260984,0.3660651997915776,0.117855774382781,2021
Austria,AUT,Workhorses,0.8334235619435377,0.8334235619435377,0.4316048832635827,0.117855774382781,2021
Austria,AUT,Rentiers,0.5652020363110666,0.06892707759891056,0.035695251057460665,0.117855774382781,2021
Austria,AUT,Powerbrokers,0.36645962732919257,0.321769428874413,0.166634665887379,0.117855774382781,2021
Azerbaijan,AZE,Magicians,0.3764616267594093,0.3764616267594093,0.34034634123522317,29.9383945565987,2021
Azerbaijan,AZE,Workhorses,0.2466652971138761,0.2466652971138761,0.2230018291772913,29.9383945565987,2021
Azerbaijan,AZE,Rentiers,0.4723719300180708,0.4435687635535543,0.4010156547991667,29.9383945565987,2021
Azerbaijan,AZE,Powerbrokers,0.6464494298692871,0.03941764816276144,0.03563617478831888,29.9383945565987,2021
Bahrain,BHR,Magicians,0.45814283396696265,0.45814283396696265,0.37335521867694627,16.6400337175308,2021
Bahrain,BHR,Workhorses,0.3609385556954583,0.3609385556954583,0.29414034968914654,16.6400337175308,2021
Bahrain,BHR,Rentiers,0.4389145522688237,0.36130161314811704,0.2944362167956033,16.6400337175308,2021
Bahrain,BHR,Powerbrokers,0.26417215166404,0.04671336828205587,0.03806821483830383,16.6400337175308,2021
Bangladesh,BGD,Magicians,0.3866863950816895,0.3866863950816895,0.28104208109397255,0.610069177584654,2021
Bangladesh,BGD,Workhorses,0.4250505046086866,0.4250505046086866,0.30892495806590897,0.610069177584654,2021
Bangladesh,BGD,Rentiers,0.40468530661052493,0.10610651331861325,0.07711777735130472,0.610069177584654,2021
Bangladesh,BGD,Powerbrokers,0.6208398998794846,0.45805870661840026,0.3329151834888138,0.610069177584654,2021
Barbados,BRB,Magicians,0.6002530115048821,0.6002530115048821,0.3602486730894246,0.328405869203115,2021
Barbados,BRB,Workhorses,0.7769502685229571,0.7769502685229571,0.4662955419251419,0.328405869203115,2021
Barbados,BRB,Rentiers,0.4424758675039695,0.08094070747023832,0.048577486336918566,0.328405869203115,2021
Barbados,BRB,Powerbrokers,0.25465838509316774,0.20807453416149072,0.124878298648515,0.328405869203115,2021
Belarus,BLR,Magicians,0.3672519359681171,0.3672519359681171,0.29367326815687184,1.86330240223309,2021
Belarus,BLR,Workhorses,0.3573310681846846,0.3573310681846846,0.28574003927617836,1.86330240223309,2021
Belarus,BLR,Rentiers,0.3968830049949664,0.16698126429666268,0.13352668510159882,1.86330240223309,2021
Belarus,BLR,Powerbrokers,0.619715861685362,0.3589817491470085,0.287060007465351,1.86330240223309,2021
Belgium,BEL,Magicians,0.7303367807592405,0.7303367807592405,0.4192264410676732,0.0448914290094104,2021
Belgium,BEL,Workhorses,0.8273522404808409,0.8273522404808409,0.47491505894797453,0.0448914290094104,2021
Belgium,BEL,Rentiers,0.5374773300997628,0.032773007932912365,0.018812295698040042,0.0448914290094104,2021
Belgium,BEL,Powerbrokers,0.16149068322981364,0.15164369034994693,0.08704620428631228,0.0448914290094104,2021
Benin,BEN,Magicians,0.4868687435780933,0.4868687435780933,0.3388357869150833,2.30442028320417,2021
Benin,BEN,Workhorses,0.4632278229324887,0.4632278229324887,0.32238291320731444,2.30442028320417,2021
Benin,BEN,Rentiers,0.5293523528483458,0.24530962692972125,0.17072297528840089,2.30442028320417,2021
Benin,BEN,Powerbrokers,0.4500324464633355,0.2414808249315459,0.1680583245892013,2.30442028320417,2021
Bhutan,BTN,Magicians,0.49838467465799835,0.49838467465799835,0.2995564822408159,2.73325446048629,2021
Bhutan,BTN,Workhorses,0.7136249483272706,0.7136249483272706,0.4289276738031625,2.73325446048629,2021
Bhutan,BTN,Rentiers,0.37588481201031165,0.18106646432204038,0.10883086070275524,2.73325446048629,2021
Bhutan,BTN,Powerbrokers,0.522225827384815,0.27066582516895904,0.16268498325326633,2.73325446048629,2021
Bolivia,BOL,Magicians,0.44907580835589594,0.44907580835589594,0.3202987693326288,9.46769419569564,2021
Bolivia,BOL,Workhorses,0.3775780456820797,0.3775780456820797,0.2693037146706979,9.46769419569564,2021
Bolivia,BOL,Rentiers,0.5206483831031378,0.37778754627605726,0.2694531388462534,9.46769419569564,2021
Bolivia,BOL,Powerbrokers,0.7201840177992027,0.19761146829856174,0.14094437715041996,9.46769419569564,2021
Bosnia and Herzegovina,BIH,Magicians,0.5416365872311084,0.5416365872311084,0.3736142245249925,0.813398711441269,2021
Bosnia and Herzegovina,BIH,Workhorses,0.5066904478286763,0.5066904478286763,0.34950880941681595,0.813398711441269,2021
Bosnia and Herzegovina,BIH,Rentiers,0.5080335390978858,0.14559497766829654,0.10042961638605866,0.813398711441269,2021
Bosnia and Herzegovina,BIH,Powerbrokers,0.35855659590247524,0.25579952268652195,0.17644734967213296,0.813398711441269,2021
Botswana,BWA,Magicians,0.5114599130103802,0.5114599130103802,0.3726249306505642,1.03853443914101,2021
Botswana,BWA,Workhorses,0.6211637206588637,0.6211637206588637,0.4525498136712387,1.03853443914101,2021
Botswana,BWA,Rentiers,0.371291753201489,0.11772665345413066,0.0857699400542817,1.03853443914101,2021
Botswana,BWA,Powerbrokers,0.17898859738574213,0.12223611528782388,0.08905531562391544,1.03853443914101,2021
Brazil,BRA,Magicians,0.6499982178736662,0.6499982178736662,0.33095892059202553,7.94111199933246,2021
Brazil,BRA,Workhorses,0.699080593861532,0.699080593861532,0.35595014322979784,7.94111199933246,2021
Brazil,BRA,Rentiers,0.6260206601517315,0.4351607027883987,0.2215703251465029,7.94111199933246,2021
Brazil,BRA,Powerbrokers,0.5895638268285899,0.17974506915505792,0.09152061103167378,7.94111199933246,2021
Bulgaria,BGR,Magicians,0.5329406459384812,0.5329406459384812,0.4299842807921634,0.917744335906696,2021
Bulgaria,BGR,Workhorses,0.48085571517933356,0.48085571517933356,0.3879613995139977,0.917744335906696,2021
Bulgaria,BGR,Rentiers,0.46806436063391943,0.14270254897375592,0.11513449641214239,0.917744335906696,2021
Bulgaria,BGR,Powerbrokers,0.11932186891628815,0.08294325034424908,0.06691982328169642,0.917744335906696,2021
Burkina Faso,BFA,Magicians,0.37539716455332284,0.37539716455332284,0.3118655045172816,20.1354014379911,2021
Burkina Faso,BFA,Workhorses,0.40523130541509444,0.40523130541509444,0.3366505595742823,20.1354014379911,2021
Burkina Faso,BFA,Rentiers,0.40168197449293824,0.3477978071829099,0.28893702150404893,20.1354014379911,2021
Burkina Faso,BFA,Powerbrokers,0.5612426995457496,0.07528865481711275,0.06254691440438719,20.1354014379911,2021
Burma/Myanmar,MMR,Magicians,0.30828136156063807,0.30828136156063807,0.29140209180458093,8.6785038087485,2021
Burma/Myanmar,MMR,Workhorses,0.12535687318120375,0.12535687318120375,0.11849323255275407,8.6785038087485,2021
Burma/Myanmar,MMR,Rentiers,0.531043550865131,0.375616170124117,0.3550501306199255,8.6785038087485,2021
Burma/Myanmar,MMR,Powerbrokers,0.8496222304625938,0.24866992111100308,0.23505454502273945,8.6785038087485,2021
Burundi,BDI,Magicians,0.2810983898836951,0.2810983898836951,0.2968638253980743,13.9570339894077,2021
Burundi,BDI,Workhorses,0.10602888454506827,0.10602888454506827,0.11197552672487035,13.9570339894077,2021
Burundi,BDI,Rentiers,0.5027772381362767,0.4077400772690537,0.4306082263803771,13.9570339894077,2021
Burundi,BDI,Powerbrokers,0.8042667099286178,0.1520260244377265,0.16055242149667825,13.9570339894077,2021
Cambodia,KHM,Magicians,0.3173615611391762,0.3173615611391762,0.28682008094522515,0.835283715830679,2021
Cambodia,KHM,Workhorses,0.1633002209335273,0.1633002209335273,0.1475849262223258,0.835283715830679,2021
Cambodia,KHM,Rentiers,0.47536745550539306,0.14203052024246499,0.1283621279351197,0.835283715830679,2021
Cambodia,KHM,Powerbrokers,0.6899276907388523,0.48379075874980493,0.4372328648973293,0.835283715830679,2021
Cameroon,CMR,Magicians,0.363928225937965,0.363928225937965,0.31035569171386757,5.52598268395679,2021
Cameroon,CMR,Workhorses,0.21400499872296663,0.21400499872296663,0.18250211078767267,5.52598268395679,2021
Cameroon,CMR,Rentiers,0.5211551849662729,0.3145997762906159,0.26828870152090206,5.52598268395679,2021
Cameroon,CMR,Powerbrokers,0.7066723834244923,0.2800835666011708,0.23885349597755776,5.52598268395679,2021
Canada,CAN,Magicians,0.6683864112523115,0.6683864112523115,0.37583704908986815,4.94905581435186,2021
Canada,CAN,Workhorses,0.79726801766486,0.79726801766486,0.44830782620410975,4.94905581435186,2021
Canada,CAN,Rentiers,0.47162546066877437,0.2703219103833219,0.1520033731871477,4.94905581435186,2021
Canada,CAN,Powerbrokers,0.0993788819875776,0.04241781548250264,0.02385175151887438,4.94905581435186,2021
Cape Verde,CPV,Magicians,0.4427342802335513,0.4427342802335513,0.30691949697802645,17.6577234520724,2021
Cape Verde,CPV,Workhorses,0.62264197695092,0.62264197695092,0.43163805220226154,17.6577234520724,2021
Cape Verde,CPV,Rentiers,0.3686121744648897,0.31017365900094374,0.2150236556025987,17.6577234520724,2021
Cape Verde,CPV,Powerbrokers,0.422360248447205,0.06695955158309348,0.046418795217113284,17.6577234520724,2021
Central African Republic,CAF,Magicians,0.29274007711117545,0.29274007711117545,0.2766248869286544,10.2601957578803,2021
Central African Republic,CAF,Workhorses,0.11591487227896997,0.11591487227896997,0.10953381837547994,10.2601957578803,2021
Central African Republic,CAF,Rentiers,0.5604283219604128,0.4169039956046973,0.39395364578132447,10.2601957578803,2021
Central African Republic,CAF,Powerbrokers,0.908628441642718,0.23269752773776925,0.21988764891454113,10.2601957578803,2021
Chile,CHL,Magicians,0.6569561059426472,0.6569561059426472,0.3330812271688029,16.9044168802743,2021
Chile,CHL,Workhorses,0.843508720858023,0.843508720858023,0.4276646755080244,16.9044168802743,2021
Chile,CHL,Rentiers,0.4969211571977865,0.4120809596274327,0.20892785756006932,16.9044168802743,2021
Chile,CHL,Powerbrokers,0.3503406878650227,0.05981426378183316,0.030326239763103387,16.9044168802743,2021
China,CHN,Magicians,0.4506044000804289,0.4506044000804289,0.32776996674186754,1.70756488252672,2021
China,CHN,Workhorses,0.3740826307507272,0.3740826307507272,0.27210797634907874,1.70756488252672,2021
China,CHN,Rentiers,0.47742462281557385,0.18922317367690428,0.1376410734821924,1.70756488252672,2021
China,CHN,Powerbrokers,0.5977681468434226,0.3608478447408466,0.2624809834268614,1.70756488252672,2021
Colombia,COL,Magicians,0.5822525442886207,0.5822525442886207,0.35432520304328186,5.32396445388134,2021
Colombia,COL,Workhorses,0.5564057963812621,0.5564057963812621,0.3385963680384086,5.32396445388134,2021
Colombia,COL,Rentiers,0.583206350204348,0.3449452193281814,0.20991369823311898,5.32396445388134,2021
Colombia,COL,Powerbrokers,0.39082923889867427,0.15966804272079987,0.09716473068519055,5.32396445388134,2021
Comoros,COM,Magicians,0.31408232049519935,0.31408232049519935,0.4170481583465848,1.62843413378353,2021
Comoros,COM,Workhorses,0.23387758159793157,0.23387758159793157,0.3105498409785893,1.62843413378353,2021
Comoros,COM,Rentiers,0.29277284490120903,0.11425281752242304,0.15170840262039914,1.62843413378353,2021
Comoros,COM,Powerbrokers,0.1490683229813664,0.09089531889107708,0.12069359805442677,1.62843413378353,2021
Costa Rica,CRI,Magicians,0.647932563903646,0.647932563903646,0.3325452398004439,0.763407374189705,2021
Costa Rica,CRI,Workhorses,0.85523619065183,0.85523619065183,0.43894185899973504,0.763407374189705,2021
Costa Rica,CRI,Rentiers,0.4925900056121952,0.13816548937903037,0.07091212628808083,0.763407374189705,2021
Costa Rica,CRI,Powerbrokers,0.4267752850653565,0.30707002218117113,0.15760077491174015,0.763407374189705,2021
Croatia,HRV,Magicians,0.5779254260362864,0.5779254260362864,0.37678484823141156,0.681198197003712,2021
Croatia,HRV,Workhorses,0.6356235430743424,0.6356235430743424,0.4144017712668365,0.681198197003712,2021
Croatia,HRV,Rentiers,0.4822171648642268,0.13231568548103784,0.08626466880776724,0.681198197003712,2021
Croatia,HRV,Powerbrokers,0.25905024566607954,0.18796938557477721,0.12254871169398465,0.681198197003712,2021
Cyprus,CYP,Magicians,0.6083424527406939,0.6083424527406939,0.344468886945127,0.0127645649104764,2021
Cyprus,CYP,Workhorses,0.7383628008315904,0.7383628008315904,0.41809183465379196,0.0127645649104764,2021
Cyprus,CYP,Rentiers,0.48125429781091145,0.023475819405410315,0.013292988750455424,0.0127645649104764,2021
Cyprus,CYP,Powerbrokers,0.4161490683229814,0.3958491137706408,0.22414628965062558,0.0127645649104764,2021
Czechia,CZE,Magicians,0.6881496303019867,0.6881496303019867,0.403690523670294,0.394999591152656,2021
Czechia,CZE,Workhorses,0.8702521265944583,0.8702521265944583,0.5105176566845415,0.394999591152656,2021
Czechia,CZE,Rentiers,0.44413648871665157,0.0920770769290619,0.05401535039292403,0.394999591152656,2021
Czechia,CZE,Powerbrokers,0.06833456938907945,0.054167646466953226,0.031776469252240425,0.394999591152656,2021
Democratic Republic of the Congo,COD,Magicians,0.2590753854711532,0.2590753854711532,0.295040580275394,38.8272665239082,2021
Democratic Republic of the Congo,COD,Workhorses,0.09550871162254304,0.09550871162254304,0.10876735992199442,38.8272665239082,2021
Democratic Republic of the Congo,COD,Rentiers,0.5188389727843981,0.5125116682382469,0.5836592299956619,38.8272665239082,2021
Democratic Republic of the Congo,COD,Powerbrokers,0.9024172615184944,0.0110050885551036,0.012532829806949742,38.8272665239082,2021
Denmark,DNK,Magicians,0.7391873353427939,0.7391873353427939,0.4124315619146021,0.33866438619955,2021
Denmark,DNK,Workhorses,0.950447324140233,0.950447324140233,0.5303046408809551,0.33866438619955,2021
Denmark,DNK,Rentiers,0.46301245735421137,0.08752064742671069,0.04883238063221963,0.33866438619955,2021
Denmark,DNK,Powerbrokers,0.018633540372670843,0.015111346765641598,0.008431416572223193,0.33866438619955,2021
Djibouti,DJI,Magicians,0.40918457105172124,0.40918457105172124,0.33066623468789397,0.277110490356489,2021
Djibouti,DJI,Workhorses,0.3597852311482341,0.3597852311482341,0.29074612313537695,0.277110490356489,2021
Djibouti,DJI,Rentiers,0.4341277780724042,0.06882513554806409,0.055618295589854067,0.277110490356489,2021
Djibouti,DJI,Powerbrokers,0.4749582831185686,0.39966001872172235,0.32296934658687504,0.277110490356489,2021
Dominican Republic,DOM,Magicians,0.5951826769620467,0.5951826769620467,0.3490628969079586,2.07711318519727,2021
Dominican Republic,DOM,Workhorses,0.5165699673727259,0.5165699673727259,0.3029580937858371,2.07711318519727,2021
Dominican Republic,DOM,Rentiers,0.6458780266085595,0.28749448745381007,0.1686098445403763,2.07711318519727,2021
Dominican Republic,DOM,Powerbrokers,0.5511842959117457,0.30584006663395646,0.17936916476582798,2.07711318519727,2021
Ecuador,ECU,Magicians,0.4718063064800132,0.4718063064800132,0.33261755440434504,6.69943720189179,2021
Ecuador,ECU,Workhorses,0.3375024803153328,0.3375024803153328,0.2379350340723819,6.69943720189179,2021
Ecuador,ECU,Rentiers,0.5963399626808289,0.3854392441717553,0.27172985398256744,6.69943720189179,2021
Ecuador,ECU,Powerbrokers,0.6325785667933623,0.2237168102074086,0.1577175575407056,6.69943720189179,2021
Egypt,EGY,Magicians,0.48329052955397434,0.48329052955397434,0.31329243629415904,5.1391200748227,2021
Egypt,EGY,Workhorses,0.39769953890811977,0.39769953890811977,0.25780819163284163,5.1391200748227,2021
Egypt,EGY,Rentiers,0.6010272381637413,0.3481560221070452,0.2256916734475711,5.1391200748227,2021
Egypt,EGY,Powerbrokers,0.7450635023639567,0.3134718394092257,0.20320769862542834,5.1391200748227,2021
El Salvador,SLV,Magicians,0.31368353163678975,0.31368353163678975,0.30614199345845,0.535264947589614,2021
El Salvador,SLV,Workhorses,0.2302923309967122,0.2302923309967122,0.22475567308761443,0.535264947589614,2021
El Salvador,SLV,Rentiers,0.38877282181064776,0.09719320545266194,0.09485649920043451,0.535264947589614,2021
El Salvador,SLV,Powerbrokers,0.5112867340317049,0.38346505052377866,0.374245834253501,0.535264947589614,2021
Equatorial Guinea,GNQ,Magicians,0.3501374548153585,0.3501374548153585,0.31043338498920575,23.500064053404,2021
Equatorial Guinea,GNQ,Workhorses,0.18132073404275237,0.18132073404275237,0.1607597486744229,23.500064053404,2021
Equatorial Guinea,GNQ,Rentiers,0.5563473598803138,0.49528484477149887,0.4391216900155677,23.500064053404,2021
Equatorial Guinea,GNQ,Powerbrokers,0.9216417910447761,0.10115580633418272,0.08968517632080375,23.500064053404,2021
Eritrea,ERI,Magicians,0.2502674762585099,0.2502674762585099,0.2758148226431779,26.9562621368195,2011
Eritrea,ERI,Workhorses,0.10789599409147856,0.10789599409147856,0.11891003545147476,26.9562621368195,2011
Eritrea,ERI,Rentiers,0.5049570620102108,0.4587719648751306,0.5056034847891817,26.9562621368195,2011
Eritrea,ERI,Powerbrokers,0.9888059701492538,0.0904395704404805,0.09967165711616564,26.9562621368195,2011
Estonia,EST,Magicians,0.6921418306034945,0.6921418306034945,0.3866242362186326,1.72122598420606,2021
Estonia,EST,Workhorses,0.9239127549215889,0.9239127549215889,0.5160894016371687,1.72122598420606,2021
Estonia,EST,Rentiers,0.4097140951156766,0.1648849407172845,0.09210325319189397,1.72122598420606,2021
Estonia,EST,Powerbrokers,0.01552795031055898,0.00927889713679744,0.005183108952304745,1.72122598420606,2021
Eswatini,SWZ,Magicians,0.3018581946500981,0.3018581946500981,0.3005624777138999,2.99915237990705,2021
Eswatini,SWZ,Workhorses,0.21546721123094206,0.21546721123094206,0.214542324911023,2.99915237990705,2021
Eswatini,SWZ,Rentiers,0.42929985394834186,0.21203224493790054,0.2111221031042338,2.99915237990705,2021
Eswatini,SWZ,Powerbrokers,0.5432812644850282,0.27495332287961793,0.2737730942708433,2.99915237990705,2021
Ethiopia,ETH,Magicians,0.3326091066273227,0.3326091066273227,0.29521064700177446,5.86707347361267,2021
Ethiopia,ETH,Workhorses,0.23944264129731707,0.23944264129731707,0.21251978869116195,5.86707347361267,2021
Ethiopia,ETH,Rentiers,0.4702255585276204,0.28959013055664423,0.2570287105901284,5.86707347361267,2021
Ethiopia,ETH,Powerbrokers,0.6899508667840919,0.2650421012646207,0.23524085371693515,5.86707347361267,2021
Fiji,FJI,Magicians,0.43304393234086974,0.43304393234086974,0.3793144637775812,2.25290361305504,2021
Fiji,FJI,Workhorses,0.556977099813544,0.556977099813544,0.4878707543831059,2.25290361305504,2021
Fiji,FJI,Rentiers,0.26522415459775994,0.12129153411482925,0.1062424151166996,2.25290361305504,2021
Fiji,FJI,Powerbrokers,0.05590062111801242,0.030336312679896983,0.02657236672261337,2.25290361305504,2021
Finland,FIN,Magicians,0.7055153423954755,0.7055153423954755,0.38449101891248944,0.448312840515242,2021
Finland,FIN,Workhorses,0.8883671031873739,0.8883671031873739,0.4841413816928505,0.448312840515242,2021
Finland,FIN,Rentiers,0.4842603104163361,0.11220665729159007,0.06115026761051575,0.448312840515242,2021
Finland,FIN,Powerbrokers,0.16770186335403725,0.1288441145281018,0.0702173317841444,0.448312840515242,2021
France,FRA,Magicians,0.7258085632375201,0.7258085632375201,0.3680918456131001,0.0325366370984223,2021
France,FRA,Workhorses,0.8622527489234999,0.8622527489234999,0.43728914456518353,0.0325366370984223,2021
France,FRA,Rentiers,0.5746027782665486,0.03153307929511547,0.01599191569720415,0.0325366370984223,2021
France,FRA,Powerbrokers,0.3726708074534162,0.3522193607029238,0.17862709412451216,0.0325366370984223,2021
Gabon,GAB,Magicians,0.4712837916187514,0.4712837916187514,0.3274243898877669,18.4933440925176,2021
Gabon,GAB,Workhorses,0.5226117296727905,0.5226117296727905,0.3630844721999891,18.4933440925176,2021
Gabon,GAB,Rentiers,0.4297686095101576,0.36687564226476865,0.25488683351622615,18.4933440925176,2021
Gabon,GAB,Powerbrokers,0.5370700843608046,0.07859562210158118,0.054604304396017767,18.4933440925176,2021
Georgia,GEO,Magicians,0.4052531851454063,0.4052531851454063,0.34284039188936477,1.38946631019879,2021
Georgia,GEO,Workhorses,0.4746487686729935,0.4746487686729935,0.4015484043716173,1.38946631019879,2021
Georgia,GEO,Rentiers,0.3281723853827347,0.12006306782295172,0.10157222875149248,1.38946631019879,2021
Georgia,GEO,Powerbrokers,0.2871280244739038,0.18208118625174385,0.15403897498752547,1.38946631019879,2021
Germany,DEU,Magicians,0.7478403606875037,0.7478403606875037,0.38559781561081274,0.0770848993139744,2021
Germany,DEU,Workhorses,0.9324443390447869,0.9324443390447869,0.48078242257986475,0.0770848993139744,2021
Germany,DEU,Rentiers,0.5277110157738242,0.04183075125036411,0.021568568848933486,0.0770848993139744,2021
Germany,DEU,Powerbrokers,0.2360248447204969,0.2173155582487502,0.11205119296038904,0.0770848993139744,2021
Ghana,GHA,Magicians,0.5312645025171531,0.5312645025171531,0.33038249679458825,13.3474845007777,2021
Ghana,GHA,Workhorses,0.5355959770903623,0.5355959770903623,0.3330761519842702,13.3474845007777,2021
Ghana,GHA,Rentiers,0.5466708128852413,0.4333366199700084,0.26948315533955053,13.3474845007777,2021
Ghana,GHA,Powerbrokers,0.5201283952906276,0.10783149658464229,0.06705819588159098,13.3474845007777,2021
Greece,GRC,Magicians,0.6213029315528931,0.6213029315528931,0.2879026897821506,0.0875219452812631,2021
Greece,GRC,Workhorses,0.7029686138688543,0.7029686138688543,0.32574537232493894,0.0875219452812631,2021
Greece,GRC,Rentiers,0.6174630527591028,0.06024029783015638,0.027914472792252374,0.0875219452812631,2021
Greece,GRC,Powerbrokers,0.8571428571428572,0.7735191637630663,0.35843746510065805,0.0875219452812631,2021
Guatemala,GTM,Magicians,0.5639155970169483,0.5639155970169483,0.33493772128299476,1.92928512463796,2021
Guatemala,GTM,Workhorses,0.5273074606879304,0.5273074606879304,0.31319431530642633,1.92928512463796,2021
Guatemala,GTM,Rentiers,0.5999408671034296,0.25973049734355796,0.1542669530478258,1.92928512463796,2021
Guatemala,GTM,Powerbrokers,0.5866784091962548,0.3326895857027543,0.19760101036275313,1.92928512463796,2021
Guinea,GIN,Magicians,0.29169539326852617,0.29169539326852617,0.2857386198583169,4.51955879028644,2021
Guinea,GIN,Workhorses,0.21316746257914487,0.21316746257914487,0.20881432467461752,4.51955879028644,2021
Guinea,GIN,Rentiers,0.4268212975040846,0.23683376873702258,0.23199733618166288,4.51955879028644,2021
Guinea,GIN,Powerbrokers,0.6271321961620469,0.27915030682822817,0.2734497192854026,4.51955879028644,2021
Guinea-Bissau,GNB,Magicians,0.3124920895158898,0.3124920895158898,0.2797763632876263,10.4285037712862,2021
Guinea-Bissau,GNB,Workhorses,0.23164020247338804,0.23164020247338804,0.20738910075968034,10.4285037712862,2021
Guinea-Bissau,GNB,Rentiers,0.4786758180929456,0.35900686356970923,0.3214213673070368,10.4285037712862,2021
Guinea-Bissau,GNB,Powerbrokers,0.8551844813201075,0.21379612033002687,0.19141316864565666,10.4285037712862,2021
Guyana,GUY,Magicians,0.48888613659986024,0.48888613659986024,0.3197172994575962,33.6832711741997,2021
Guyana,GUY,Workhorses,0.47242124278693787,0.47242124278693787,0.30894973827794225,33.6832711741997,2021
Guyana,GUY,Rentiers,0.5634297530365812,0.5428164693889014,0.3549861669245298,33.6832711741997,2021
Guyana,GUY,Powerbrokers,0.6832298136645962,0.024996212695046226,0.01634679533993181,33.6832711741997,2021
Haiti,HTI,Magicians,0.33312093394686215,0.33312093394686215,0.27759222066207484,0.327641965983974,2021
Haiti,HTI,Workhorses,0.19856148791852357,0.19856148791852357,0.16546280570305147,0.327641965983974,2021
Haiti,HTI,Rentiers,0.5214819901876235,0.09221327875268952,0.07684203007059659,0.327641965983974,2021
Haiti,HTI,Powerbrokers,0.6999049782145175,0.5761412930424382,0.4801029435642771,0.327641965983974,2021
Honduras,HND,Magicians,0.5571814950924721,0.5571814950924721,0.3436102702573404,1.22455313744521,2021
Honduras,HND,Workhorses,0.5239012160016085,0.5239012160016085,0.32308653464628345,1.22455313744521,2021
Honduras,HND,Rentiers,0.5737051732870997,0.19589932746388772,0.1208098643726963,1.22455313744521,2021
Honduras,HND,Powerbrokers,0.5232339853527395,0.3445687220615601,0.21249333072367987,1.22455313744521,2021
Hungary,HUN,Magicians,0.5874204649788348,0.5874204649788348,0.39325530768531003,0.402362635857113,2021
Hungary,HUN,Workhorses,0.5141648141492303,0.5141648141492303,0.3442134795159054,0.402362635857113,2021
Hungary,HUN,Rentiers,0.5732108393726028,0.12233158157342132,0.08189626786839943,0.402362635857113,2021
Hungary,HUN,Powerbrokers,0.3430286455919162,0.2698213126912024,0.18063494493038512,0.402362635857113,2021
Iceland,ISL,Magicians,0.7041588598228252,0.7041588598228252,0.3478349074450048,1.06967737793307e-4,2021
Iceland,ISL,Workhorses,0.8653511803534862,0.8653511803534862,0.42745943408482506,1.06967737793307e-4,2021
Iceland,ISL,Rentiers,0.5747102246253704,0.007008661275919151,0.0034620838923139032,1.06967737793307e-4,2021
Iceland,ISL,Powerbrokers,0.45341614906832295,0.4478866838357824,0.22124357457785632,1.06967737793307e-4,2021
India,IND,Magicians,0.46382136696843573,0.46382136696843573,0.32297017433582914,3.15934537555664,2021
India,IND,Workhorses,0.4205509925311252,0.4205509925311252,0.29283995315404854,3.15934537555664,2021
India,IND,Rentiers,0.5174847135284957,0.25874235676424784,0.18016863823761556,3.15934537555664,2021
India,IND,Powerbrokers,0.5859947158616854,0.2929973579308427,0.20402123427250685,3.15934537555664,2021
Indonesia,IDN,Magicians,0.4557349020542891,0.4557349020542891,0.3294559482876587,5.15704008451705,2021
Indonesia,IDN,Workhorses,0.3798311793369838,0.3798311793369838,0.2745842831295348,5.15704008451705,2021
Indonesia,IDN,Rentiers,0.5320833074759217,0.3114633994981005,0.2251604368592353,5.15704008451705,2021
Indonesia,IDN,Powerbrokers,0.5698178362844164,0.23626593211792876,0.1707993317235713,5.15704008451705,2021
Iran,IRN,Magicians,0.3996056377270505,0.3996056377270505,0.3048179760598827,30.4480600937139,2021
Iran,IRN,Workhorses,0.36913748452651074,0.36913748452651074,0.2815769606285274,30.4480600937139,2021
Iran,IRN,Rentiers,0.522250799930642,0.49677515115353754,0.37893858803587427,30.4480600937139,2021
Iran,IRN,Powerbrokers,0.9316538425883008,0.04544652890674642,0.03466647527571569,30.4480600937139,2021
Iraq,IRQ,Magicians,0.4337551731078221,0.4337551731078221,0.33303557359415464,43.4458576871878,2021
Iraq,IRQ,Workhorses,0.3580345285643994,0.3580345285643994,0.2748975504606085,43.4458576871878,2021
Iraq,IRQ,Rentiers,0.5096421205525274,0.5065345466467194,0.388915300027584,43.4458576871878,2021
Iraq,IRQ,Powerbrokers,0.6731714100305923,0.004104703719698738,0.0031515759176527903,43.4458576871878,2021
Ireland,IRL,Magicians,0.6791870872186485,0.6791870872186485,0.4320358929547905,0.10098823103923,2021
Ireland,IRL,Workhorses,0.8104825311915254,0.8104825311915254,0.5155538888725433,0.10098823103923,2021
Ireland,IRL,Rentiers,0.4725907719098862,0.048988067819927227,0.031161669623878823,0.10098823103923,2021
Ireland,IRL,Powerbrokers,0.037267080745341574,0.033404029692470805,0.021248548548787407,0.10098823103923,2021
Israel,ISR,Magicians,0.6732095125781256,0.6732095125781256,0.35857317661243054,0.441424749575518,2021
Israel,ISR,Workhorses,0.7708743043814121,0.7708743043814121,0.4105926059071586,0.441424749575518,2021
Israel,ISR,Rentiers,0.5564990370590801,0.1255516120194266,0.06687285237282314,0.441424749575518,2021
Israel,ISR,Powerbrokers,0.39751552795031053,0.3078321466444478,0.16396136510758771,0.441424749575518,2021
Italy,ITA,Magicians,0.6483989714667063,0.6483989714667063,0.39901787786268894,0.112009125283042,2021
Italy,ITA,Workhorses,0.7174902830787007,0.7174902830787007,0.4415359412023118,0.112009125283042,2021
Italy,ITA,Rentiers,0.4966266262373682,0.05450780044068675,0.0335435246135682,0.112009125283042,2021
Italy,ITA,Powerbrokers,0.22981366459627328,0.2045902136039994,0.125902656321431,0.112009125283042,2021
Ivory Coast,CIV,Magicians,0.3994560960708437,0.3994560960708437,0.3068472026401913,4.73502206212113,2021
Ivory Coast,CIV,Workhorses,0.4182245375728843,0.4182245375728843,0.3212644160197459,4.73502206212113,2021
Ivory Coast,CIV,Rentiers,0.41769011103315684,0.2368608556468511,0.18194763250604787,4.73502206212113,2021
Ivory Coast,CIV,Powerbrokers,0.5711504588856957,0.24726635720051462,0.18994074883401485,4.73502206212113,2021
Jamaica,JAM,Magicians,0.542284758882966,0.542284758882966,0.3575891214633168,0.457652062306756,2021
Jamaica,JAM,Workhorses,0.711186242777869,0.711186242777869,0.4689648004778614,0.457652062306756,2021
Jamaica,JAM,Rentiers,0.3866947982353201,0.09195790933644807,0.060638156379240096,0.457652062306756,2021
Jamaica,JAM,Powerbrokers,0.22444841012329658,0.17107348332568337,0.11280792167958173,0.457652062306756,2021
Japan,JPN,Magicians,0.7095284136225735,0.7095284136225735,0.44131940633579714,0.0473044627668744,2021
Japan,JPN,Workhorses,0.8249625213297191,0.8249625213297191,0.5131182390620631,0.0473044627668744,2021
Japan,JPN,Rentiers,0.48738629369009884,0.03269054408897005,0.020333183609208844,0.0473044627668744,2021
Japan,JPN,Powerbrokers,0.04347826086956519,0.04056203605514313,0.02522917099293098,0.0473044627668744,2021
Jordan,JOR,Magicians,0.5707046317915647,0.5707046317915647,0.3995778929448477,0.0776640966166585,2021
Jordan,JOR,Workhorses,0.6435209598838018,0.6435209598838018,0.4505601232094573,0.0776640966166585,2021
Jordan,JOR,Rentiers,0.4292168117057815,0.0366404595358594,0.02565375643072895,0.0776640966166585,2021
Jordan,JOR,Powerbrokers,0.19396032261054974,0.177402734095015,0.12420822741496614,0.0776640966166585,2021
Kazakhstan,KAZ,Magicians,0.4396243303577979,0.4396243303577979,0.35740306433686037,26.8423173327291,2021
Kazakhstan,KAZ,Workhorses,0.4138496959987257,0.4138496959987257,0.33644896178617306,26.8423173327291,2021
Kazakhstan,KAZ,Rentiers,0.3818046279367854,0.34455539594295265,0.2801145110498937,26.8423173327291,2021
Kazakhstan,KAZ,Powerbrokers,0.3282307407064059,0.03202251128842984,0.02603346282707285,26.8423173327291,2021
Kenya,KEN,Magicians,0.49074892450771773,0.49074892450771773,0.33494107406575674,1.22792857770901,2021
Kenya,KEN,Workhorses,0.50257298844104,0.50257298844104,0.3430111165576927,1.22792857770901,2021
Kenya,KEN,Rentiers,0.5165484518689676,0.1795320838812875,0.12253245193513672,1.22792857770901,2021
Kenya,KEN,Powerbrokers,0.44805089459534625,0.29232588854696373,0.19951535744141385,1.22792857770901,2021
Kuwait,KWT,Magicians,0.5647722314041991,0.5647722314041991,0.3455251608166833,29.2848672951013,2020
Kuwait,KWT,Workhorses,0.6317883852440209,0.6317883852440209,0.38652534822895673,29.2848672951013,2020
Kuwait,KWT,Rentiers,0.4466719600848245,0.41671225544498874,0.25494272039353316,29.2848672951013,2020
Kuwait,KWT,Powerbrokers,0.3169671827199407,0.021259993962922833,0.013006770560826853,29.2848672951013,2020
Kyrgyzstan,KGZ,Magicians,0.5023695058021158,0.5023695058021158,0.3465463028992853,11.5065410174076,2021
Kyrgyzstan,KGZ,Workhorses,0.4756799685672497,0.4756799685672497,0.32813523226698676,11.5065410174076,2021
Kyrgyzstan,KGZ,Rentiers,0.4794386518778882,0.3683492081500848,0.2540959488702978,11.5065410174076,2021
Kyrgyzstan,KGZ,Powerbrokers,0.4455942337999444,0.10324744441706028,0.07122251596343013,11.5065410174076,2021
Laos,LAO,Magicians,0.38130807877696976,0.38130807877696976,0.2839381913899367,5.38276112647354,2021
Laos,LAO,Workhorses,0.42342837085021534,0.42342837085021534,0.31530274991293744,5.38276112647354,2021
Laos,LAO,Rentiers,0.43436806904037706,0.2595614071094936,0.19328044851733672,5.38276112647354,2021
Laos,LAO,Powerbrokers,0.6923495874663947,0.27862849251696375,0.20747861017978905,5.38276112647354,2021
Latvia,LVA,Magicians,0.6571131985459793,0.6571131985459793,0.38924201790355656,1.16511975350878,2021
Latvia,LVA,Workhorses,0.8451929629001564,0.8451929629001564,0.5006513567602967,1.16511975350878,2021
Latvia,LVA,Rentiers,0.41640326043399023,0.1371083906307041,0.08121636691926845,1.16511975350878,2021
Latvia,LVA,Powerbrokers,0.0727148419393715,0.048772150081285756,0.02889025841687827,1.16511975350878,2021
Lebanon,LBN,Magicians,0.507185551659848,0.507185551659848,0.3221263063495622,0.00276403839242888,2021
Lebanon,LBN,Workhorses,0.35255377265729426,0.35255377265729426,0.22391577245059785,0.00276403839242888,2021
Lebanon,LBN,Rentiers,0.6371351743092861,0.019424852875283113,0.012337212855572726,0.00276403839242888,2021
Lebanon,LBN,Powerbrokers,0.7171943079632891,0.6953286278424571,0.44162070834426725,0.00276403839242888,2021
Lesotho,LSO,Magicians,0.39097640870970046,0.39097640870970046,0.30188507389996716,4.31788190525398,2021
Lesotho,LSO,Workhorses,0.5449176975854768,0.5449176975854768,0.42074794217861505,4.31788190525398,2021
Lesotho,LSO,Rentiers,0.32506863484711673,0.17640919817922798,0.13621104149153967,4.31788190525398,2021
Lesotho,LSO,Powerbrokers,0.3997520163159359,0.18281342209570237,0.14115594242987817,4.31788190525398,2021
Liberia,LBR,Magicians,0.4000244374861236,0.4000244374861236,0.3027976148228418,21.9156000871056,2021
Liberia,LBR,Workhorses,0.33126422425901364,0.33126422425901364,0.2507497232222164,21.9156000871056,2021
Liberia,LBR,Rentiers,0.5623603970594355,0.4937798608326751,0.3737655755415575,21.9156000871056,2021
Liberia,LBR,Powerbrokers,0.7874177250393992,0.09602655183407308,0.0726870864133843,21.9156000871056,2021
Libya,LBY,Magicians,0.29031342265454213,0.29031342265454213,0.2811504034875515,61.0347089411103,2021
Libya,LBY,Workhorses,0.2791586462918415,0.2791586462918415,0.27034769982159473,61.0347089411103,2021
Libya,LBY,Rentiers,0.4631190959722053,0.4631190959722053,0.4485018966908537,61.0347089411103,2021
Libya,LBY,Powerbrokers,0.9335079262074719,0,0,61.0347089411103,2021
Lithuania,LTU,Magicians,0.6186546383801359,0.6186546383801359,0.3979961865342467,0.28612663033099,2021
Lithuania,LTU,Workhorses,0.7861223952740559,0.7861223952740559,0.5057324330218549,0.28612663033099,2021
Lithuania,LTU,Rentiers,0.4204073086846879,0.06921339838101569,0.044526730915405564,0.28612663033099,2021
Lithuania,LTU,Powerbrokers,0.09628487994808566,0.08043310093224228,0.05174464952849281,0.28612663033099,2021
Luxembourg,LUX,Magicians,0.6513247094987833,0.6513247094987833,0.3787976764290384,0.00475136757511518,2021
Luxembourg,LUX,Workhorses,0.8675649818906876,0.8675649818906876,0.5045587776706438,0.00475136757511518,2021
Luxembourg,LUX,Rentiers,0.4116637820855534,0.015060870076300732,0.008759106643278683,0.00475136757511518,2021
Luxembourg,LUX,Powerbrokers,0.1925465838509317,0.18550219663687323,0.10788443925703915,0.00475136757511518,2021
Madagascar,MDG,Magicians,0.3184909261998182,0.3184909261998182,0.2845619780817103,5.5311886434036,2021
Madagascar,MDG,Workhorses,0.18498948640061244,0.18498948640061244,0.1652824926681003,5.5311886434036,2021
Madagascar,MDG,Rentiers,0.5353580857381296,0.3264378571573961,0.2916623197459132,5.5311886434036,2021
Madagascar,MDG,Powerbrokers,0.741366923148234,0.28931392122857913,0.25849320950427623,5.5311886434036,2021
Malawi,MWI,Magicians,0.5110469392411209,0.5110469392411209,0.3248353283923835,4.22250421289741,2021
Malawi,MWI,Workhorses,0.49826858435546634,0.49826858435546634,0.31671305862248755,4.22250421289741,2021
Malawi,MWI,Rentiers,0.5335622034268758,0.2863016701314943,0.18198112520652895,4.22250421289741,2021
Malawi,MWI,Powerbrokers,0.5991007694447019,0.2776320638890082,0.1764704877786,4.22250421289741,2021
Malaysia,MYS,Magicians,0.5721517439249872,0.5721517439249872,0.3983684959531717,6.92196634868479,2021
Malaysia,MYS,Workhorses,0.49538435891125077,0.49538435891125077,0.3449181516504727,6.92196634868479,2021
Malaysia,MYS,Rentiers,0.5091288410201792,0.3321755243241413,0.2312817629632419,6.92196634868479,2021
Malaysia,MYS,Powerbrokers,0.10509177713914897,0.036525800591045675,0.025431589433113796,6.92196634868479,2021
Mali,MLI,Magicians,0.36355217545576896,0.36355217545576896,0.28491291078909475,18.4178821970492,2021
Mali,MLI,Workhorses,0.4271473369536876,0.4271473369536876,0.33475192647304575,18.4178821970492,2021
Mali,MLI,Rentiers,0.44718725256839836,0.3790184640671181,0.29703371656295496,18.4178821970492,2021
Mali,MLI,Powerbrokers,0.6972860851024381,0.10629361053390826,0.08330144617490454,18.4178821970492,2021
Malta,MLT,Magicians,0.6521694084332162,0.6521694084332162,0.42900663137781647,0,2021
Malta,MLT,Workhorses,0.7727051164250168,0.7727051164250168,0.5082967933781057,0,2021
Malta,MLT,Rentiers,0.4445681887174707,0.0027107816385211632,0.0017831920419828927,0,2021
Malta,MLT,Powerbrokers,0.09316770186335399,0.09259960612028476,0.060913383202094835,0,2021
Mauritania,MRT,Magicians,0.298652291824839,0.298652291824839,0.29992046842622966,11.4487520863931,2021
Mauritania,MRT,Workhorses,0.24875370295561214,0.24875370295561214,0.2498099936127842,11.4487520863931,2021
Mauritania,MRT,Rentiers,0.39992261901671056,0.3048190693724928,0.30611343215495757,11.4487520863931,2021
Mauritania,MRT,Powerbrokers,0.6036316862890516,0.14354655954434764,0.14415610580602858,11.4487520863931,2021
Mauritius,MUS,Magicians,0.560615005061555,0.560615005061555,0.38833130137604316,0.00271526913227865,2021
Mauritius,MUS,Workhorses,0.6687951993520843,0.6687951993520843,0.4632664266450177,0.00271526913227865,2021
Mauritius,MUS,Rentiers,0.40852748512891496,0.009964085003144267,0.006902002374816342,0.00271526913227865,2021
Mauritius,MUS,Powerbrokers,0.2093839807175304,0.20427705435856625,0.14150026960412285,0.00271526913227865,2021
Mexico,MEX,Magicians,0.4746829897001027,0.4746829897001027,0.36506060963004383,3.64307338835023,2021
Mexico,MEX,Workhorses,0.40526162736233057,0.40526162736233057,0.31167128368772057,3.64307338835023,2021
Mexico,MEX,Rentiers,0.4824795757462505,0.24418173650572433,0.1877908741697705,3.64307338835023,2021
Mexico,MEX,Powerbrokers,0.3566677482154445,0.17615907076494514,0.13547723251246513,3.64307338835023,2021
Moldova,MDA,Magicians,0.477530140798354,0.477530140798354,0.3295262675670265,0.235942049452034,2021
Moldova,MDA,Workhorses,0.5929984358328345,0.5929984358328345,0.40920675898360465,0.235942049452034,2021
Moldova,MDA,Rentiers,0.40694676830222964,0.062034568338754516,0.04280781047794308,0.235942049452034,2021
Moldova,MDA,Powerbrokers,0.373516733104663,0.316578206716757,0.21845916297142576,0.235942049452034,2021
Mongolia,MNG,Magicians,0.49426475615231047,0.49426475615231047,0.3501923421414045,33.1372162654312,2021
Mongolia,MNG,Workhorses,0.484106388661873,0.484106388661873,0.34299502034265344,33.1372162654312,2021
Mongolia,MNG,Rentiers,0.44292121377194876,0.42401604001338994,0.30042030775921913,33.1372162654312,2021
Mongolia,MNG,Powerbrokers,0.2113771206081394,0.009022194172298641,0.006392329756722878,33.1372162654312,2021
Montenegro,MNE,Magicians,0.5631199260083062,0.5631199260083062,0.3952508822156253,0.637197671980386,2021
Montenegro,MNE,Workhorses,0.6814978627876145,0.6814978627876145,0.4783397266799872,0.637197671980386,2021
Montenegro,MNE,Rentiers,0.3745765225305896,0.1004961401911338,0.07053770650840882,0.637197671980386,2021
Montenegro,MNE,Powerbrokers,0.10878835635487161,0.07960123635722313,0.05587168459597871,0.637197671980386,2021
Morocco,MAR,Magicians,0.5348094394450731,0.5348094394450731,0.34555369972915334,0.391702933228196,2021
Morocco,MAR,Workhorses,0.5279796827715025,0.5279796827715025,0.34114082382843813,0.391702933228196,2021
Morocco,MAR,Rentiers,0.5448782427717531,0.10964013421626741,0.07084122160697806,0.391702933228196,2021
Morocco,MAR,Powerbrokers,0.46979002503012884,0.3752591053594322,0.24246425483543052,0.391702933228196,2021
Mozambique,MOZ,Magicians,0.3651870241181421,0.3651870241181421,0.3055500493289163,14.9074768559672,2021
Mozambique,MOZ,Workhorses,0.21974726161518823,0.21974726161518823,0.18386137018026488,14.9074768559672,2021
Mozambique,MOZ,Rentiers,0.5747508899475064,0.4696135320302796,0.3929231555362104,14.9074768559672,2021
Mozambique,MOZ,Powerbrokers,0.7687841846667285,0.14063125329269427,0.11766542495460851,14.9074768559672,2021
Namibia,NAM,Magicians,0.5291571496313826,0.5291571496313826,0.3552570354234748,4.03058059383138,2021
Namibia,NAM,Workhorses,0.6211679893779223,0.6211679893779223,0.4170297964604383,4.03058059383138,2021
Namibia,NAM,Rentiers,0.42540132742808634,0.2256702163795336,0.1515068484101845,4.03058059383138,2021
Namibia,NAM,Powerbrokers,0.24176091591730786,0.11350969832702869,0.07620631970590239,4.03058059383138,2021
Nepal,NPL,Magicians,0.4291099045347063,0.4291099045347063,0.30928411755453994,0.498936909947826,2021
Nepal,NPL,Workhorses,0.5092923806223065,0.5092923806223065,0.3670762265178176,0.498936909947826,2021
Nepal,NPL,Rentiers,0.4092336928443921,0.09981309581570538,0.0719410224129431,0.498936909947826,2021
Nepal,NPL,Powerbrokers,0.4618638175581719,0.3492141059586178,0.25169863351469945,0.498936909947826,2021
Netherlands,NLD,Magicians,0.7061079118209652,0.7061079118209652,0.39488595768338397,0.340536679351668,2021
Netherlands,NLD,Workhorses,0.8723692931873042,0.8723692931873042,0.48786648333320254,0.340536679351668,2021
Netherlands,NLD,Rentiers,0.48519114561214993,0.09467144304627316,0.052944348628222705,0.340536679351668,2021
Netherlands,NLD,Powerbrokers,0.1428571428571429,0.11498257839721258,0.06430321035519083,0.340536679351668,2021
New Zealand,NZL,Magicians,0.6954735104742513,0.6954735104742513,0.3963890340712883,1.49411356490814,2021
New Zealand,NZL,Workhorses,0.8867559885890017,0.8867559885890017,0.5054115569894713,1.49411356490814,2021
New Zealand,NZL,Rentiers,0.4385513646049317,0.16846790225677255,0.09601922724855622,1.49411356490814,2021
New Zealand,NZL,Powerbrokers,0.006211180124223614,0.0038251780033328356,0.0021801816906842184,1.49411356490814,2021
Nicaragua,NIC,Magicians,0.26377148836961883,0.26377148836961883,0.31075301467929595,3.84080893833151,2021
Nicaragua,NIC,Workhorses,0.08717475836854771,0.08717475836854771,0.1027018467174316,3.84080893833151,2021
Nicaragua,NIC,Rentiers,0.42220801268783836,0.21882732364918453,0.25780364260938243,3.84080893833151,2021
Nicaragua,NIC,Powerbrokers,0.5792736627421897,0.27904036193068893,0.32874149599388997,3.84080893833151,2021
Niger,NER,Magicians,0.4371375701042666,0.4371375701042666,0.29896771147758533,6.40907047167716,2021
Niger,NER,Workhorses,0.4420425025576454,0.4420425025576454,0.3023222994398806,6.40907047167716,2021
Niger,NER,Rentiers,0.5162930880631674,0.3274053729181062,0.22391952044626193,6.40907047167716,2021
Niger,NER,Powerbrokers,0.6985607675906182,0.255571012533153,0.17479046863627215,6.40907047167716,2021
Nigeria,NGA,Magicians,0.4275054398438378,0.4275054398438378,0.34100237137020406,8.55295423830806,2021
Nigeria,NGA,Workhorses,0.33495052416403176,0.33495052416403176,0.26717536757742866,8.55295423830806,2021
Nigeria,NGA,Rentiers,0.5044695137342303,0.35374386633802735,0.28216599377775287,8.55295423830806,2021
Nigeria,NGA,Powerbrokers,0.46011402614257907,0.1374730931767462,0.10965626727461442,8.55295423830806,2021
North Macedonia,MKD,Magicians,0.4825169440735827,0.4825169440735827,0.46001057553903135,0.136921063560563,2021
North Macedonia,MKD,Workhorses,0.43378411952548596,0.43378411952548596,0.4135508295273058,0.136921063560563,2021
North Macedonia,MKD,Rentiers,0.3788498034309791,0.05082131509439964,0.048450821662047366,0.136921063560563,2021
North Macedonia,MKD,Powerbrokers,0.09447714841939375,0.08180338460703605,0.0779877732716156,0.136921063560563,2021
Norway,NOR,Magicians,0.6904461992427187,0.6904461992427187,0.3427190914582016,10.0482763904291,2021
Norway,NOR,Workhorses,0.9105548015253454,0.9105548015253454,0.4519751352733085,10.0482763904291,2021
Norway,NOR,Rentiers,0.47451366020932717,0.3500984932032231,0.17377956116362728,10.0482763904291,2021
Norway,NOR,Powerbrokers,0.2422360248447205,0.06351310407514013,0.031526212104862686,10.0482763904291,2021
Oman,OMN,Magicians,0.4996920170818089,0.4996920170818089,0.33441051330821175,29.2115792686173,2021
Oman,OMN,Workhorses,0.4907805021013821,0.4907805021013821,0.32844663116264117,29.2115792686173,2021
Oman,OMN,Rentiers,0.5040975244246204,0.4672123397106238,0.3126740332155052,29.2115792686173,2021
Oman,OMN,Powerbrokers,0.49968712338926485,0.03656247244311692,0.02446882231364186,29.2115792686173,2021
Pakistan,PAK,Magicians,0.37692167991745984,0.37692167991745984,0.3011696030860862,1.43561633294011,2021
Pakistan,PAK,Workhorses,0.23531685743453834,0.23531685743453834,0.18802390079696282,1.43561633294011,2021
Pakistan,PAK,Rentiers,0.5361123117951816,0.19940762816771998,0.15933155195732265,1.43561633294011,2021
Pakistan,PAK,Powerbrokers,0.7003916751645499,0.43988013745090637,0.3514749441596284,1.43561633294011,2021
Panama,PAN,Magicians,0.5327986601965211,0.5327986601965211,0.34281228922007023,3.6647948599442,2021
Panama,PAN,Workhorses,0.5455004341872178,0.5455004341872178,0.3509848402120352,3.6647948599442,2021
Panama,PAN,Rentiers,0.5007240116028946,0.25646839618684847,0.16501640221276878,3.6647948599442,2021
Panama,PAN,Powerbrokers,0.44983545007879855,0.2194319268677066,0.14118646835512577,3.6647948599442,2021
Papua New Guinea,PNG,Magicians,0.5182030956423913,0.5182030956423913,0.3308779016432546,27.3866812481734,2021
Papua New Guinea,PNG,Workhorses,0.40432849633446216,0.40432849633446216,0.25816782178013514,27.3866812481734,2021
Papua New Guinea,PNG,Rentiers,0.6511828647036816,0.5995647107942434,0.3828281132921806,27.3866812481734,2021
Papua New Guinea,PNG,Powerbrokers,0.5557036247334755,0.04404967757033645,0.028126163284429743,27.3866812481734,2021
Paraguay,PRY,Magicians,0.4689531923776272,0.4689531923776272,0.305483981287826,1.34701587848651,2021
Paraguay,PRY,Workhorses,0.432582151826911,0.432582151826911,0.2817912749546388,1.34701587848651,2021
Paraguay,PRY,Rentiers,0.5401886227443241,0.1943361508653361,0.12659383076912542,1.34701587848651,2021
Paraguay,PRY,Powerbrokers,0.6860572911838324,0.43924399740428294,0.2861309129884098,1.34701587848651,2021
Peru,PER,Magicians,0.49577581379078667,0.49577581379078667,0.3561486103109331,12.7247082349187,2021
Peru,PER,Workhorses,0.45951233463049074,0.45951233463049074,0.3300981509123046,12.7247082349187,2021
Peru,PER,Rentiers,0.47222723782929343,0.3685676002570095,0.26476652346853313,12.7247082349187,2021
Peru,PER,Powerbrokers,0.3106517103921387,0.06819183886656702,0.0489867153082292,12.7247082349187,2021
Philippines,PHL,Magicians,0.5161577294363413,0.5161577294363413,0.3935025847397993,1.97263339590791,2021
Philippines,PHL,Workhorses,0.3643388772223508,0.3643388772223508,0.2777606179892988,1.97263339590791,2021
Philippines,PHL,Rentiers,0.5652693746926408,0.24816704254798866,0.1891948277060708,1.97263339590791,2021
Philippines,PHL,Powerbrokers,0.32628395290627604,0.18303733943522804,0.13954196956483106,1.97263339590791,2021
Poland,POL,Magicians,0.5749063497768739,0.5749063497768739,0.36612301129693786,1.03024380772929,2021
Poland,POL,Workhorses,0.6824784553816636,0.6824784553816636,0.43462916582256333,1.03024380772929,2021
Poland,POL,Rentiers,0.44315752554977916,0.13781118172584597,0.08776358943232859,1.03024380772929,2021
Poland,POL,Powerbrokers,0.25406739593955685,0.17505863256810927,0.11148423344817013,1.03024380772929,2021
Portugal,PRT,Magicians,0.5831940354148264,0.5831940354148264,0.2861387514313273,0.291415692065373,2021
Portugal,PRT,Workhorses,0.7102955173650815,0.7102955173650815,0.3484999162269314,0.291415692065373,2021
Portugal,PRT,Rentiers,0.5603473263862925,0.09566905572448897,0.04693913602210927,0.291415692065373,2021
Portugal,PRT,Powerbrokers,0.782608695652174,0.6489925768822905,0.31842219631963203,0.291415692065373,2021
Qatar,QAT,Magicians,0.5543992087401384,0.5543992087401384,0.36081095374762556,27.2897873992471,2021
Qatar,QAT,Workhorses,0.5274594506493243,0.5274594506493243,0.343278172933299,27.2897873992471,2021
Qatar,QAT,Rentiers,0.474262421324681,0.4337766048701351,0.28230803372225116,27.2897873992471,2021
Qatar,QAT,Powerbrokers,0.24484332993418,0.02090125987242999,0.013602839596824345,27.2897873992471,2021
Republic of the Congo,COG,Magicians,0.36683943940224656,0.36683943940224656,0.31427364036994765,37.7125480946685,2021
Republic of the Congo,COG,Workhorses,0.2259396171786016,0.2259396171786016,0.1935638820902544,37.7125480946685,2021
Republic of the Congo,COG,Rentiers,0.5677348272532023,0.5573494340717413,0.47748474343237035,37.7125480946685,2021
Republic of the Congo,COG,Powerbrokers,0.9365903402243441,0.01713275012605509,0.014677734107427702,37.7125480946685,2021
Romania,ROU,Magicians,0.5317931275719108,0.5317931275719108,0.37464897272153386,1.144376067244,2021
Romania,ROU,Workhorses,0.5982496522357004,0.5982496522357004,0.42146768361690035,1.144376067244,2021
Romania,ROU,Rentiers,0.411454473948181,0.1329700434100829,0.09367757419841588,1.144376067244,2021
Romania,ROU,Powerbrokers,0.231123111152313,0.15643088620674842,0.11020576946314987,1.144376067244,2021
Russia,RUS,Magicians,0.42212724069519336,0.42212724069519336,0.3483337998671622,18.5109394363314,2021
Russia,RUS,Workhorses,0.3145003390790712,0.3145003390790712,0.2595215082317507,18.5109394363314,2021
Russia,RUS,Rentiers,0.47317130720377915,0.4068119165593467,0.3356957975348538,18.5109394363314,2021
Russia,RUS,Powerbrokers,0.48777463613608973,0.0684074184825004,0.056448894366233286,18.5109394363314,2021
Rwanda,RWA,Magicians,0.3816241206399478,0.3816241206399478,0.3461171219550203,4.01723634071877,2021
Rwanda,RWA,Workhorses,0.3658515872013441,0.3658515872013441,0.331812093565949,4.01723634071877,2021
Rwanda,RWA,Rentiers,0.3750344058583587,0.196664383559871,0.17836637347412843,4.01723634071877,2021
Rwanda,RWA,Powerbrokers,0.3331440622972096,0.15844656621452652,0.1437044110049023,4.01723634071877,2021
Saudi Arabia,SAU,Magicians,0.457131694814276,0.457131694814276,0.35512681295981874,25.5652418188141,2021
Saudi Arabia,SAU,Workhorses,0.3711843597011364,0.3711843597011364,0.2883578631202776,25.5652418188141,2021
Saudi Arabia,SAU,Rentiers,0.4700257138275584,0.4213035361747018,0.3272933900398435,25.5652418188141,2021
Saudi Arabia,SAU,Powerbrokers,0.3628789283396681,0.03761549866935583,0.029221933880060214,25.5652418188141,2021
Senegal,SEN,Magicians,0.48388385658594524,0.48388385658594524,0.29703101962168393,4.40159712005452,2021
Senegal,SEN,Workhorses,0.5669981041078963,0.5669981041078963,0.34805051397042597,4.40159712005452,2021
Senegal,SEN,Rentiers,0.48952126492701886,0.2686397185575104,0.16490388845995074,4.40159712005452,2021
Senegal,SEN,Powerbrokers,0.686022527115973,0.30954675004013416,0.19001457794793933,4.40159712005452,2021
Serbia,SRB,Magicians,0.5704259948065589,0.5704259948065589,0.38483219074090264,1.74631766481948,2021
Serbia,SRB,Workhorses,0.5265819633393832,0.5265819633393832,0.35525325353600185,1.74631766481948,2021
Serbia,SRB,Rentiers,0.49860317810326027,0.20369763983486852,0.13742257488280665,1.74631766481948,2021
Serbia,SRB,Powerbrokers,0.3069783072216557,0.18156643780793053,0.12249198084028892,1.74631766481948,2021
Seychelles,SYC,Magicians,0.5551149300369514,0.5551149300369514,0.2726445035129257,0.120645132507182,2021
Seychelles,SYC,Workhorses,0.8337334239933732,0.8337334239933732,0.40948787926073915,0.120645132507182,2021
Seychelles,SYC,Rentiers,0.4440787678652171,0.05686374466566804,0.02792860828157664,0.120645132507182,2021
Seychelles,SYC,Powerbrokers,0.6770186335403727,0.5903272231480079,0.2899390089447586,0.120645132507182,2021
Sierra Leone,SLE,Magicians,0.3877699468004522,0.3877699468004522,0.2679867500239528,9.03701414128967,2021
Sierra Leone,SLE,Workhorses,0.4878060142628156,0.4878060142628156,0.337121402736509,9.03701414128967,2021
Sierra Leone,SLE,Rentiers,0.45967046150984464,0.32793563412592575,0.2266354201288206,9.03701414128967,2021
Sierra Leone,SLE,Powerbrokers,0.8495295262816354,0.24346273009290773,0.16825642711071764,9.03701414128967,2021
Singapore,SGP,Magicians,0.726275481555321,0.726275481555321,0.4718284705224645,1.80989109199595e-4,2021
Singapore,SGP,Workhorses,0.7949172255902363,0.7949172255902363,0.516421920149363,1.80989109199595e-4,2021
Singapore,SGP,Rentiers,0.4880752086385317,0.008928205036070702,0.005800252705294346,1.80989109199595e-4,2021
Singapore,SGP,Powerbrokers,0.009328358208955223,0.00915771751001092,0.005949356622878258,1.80989109199595e-4,2021
Slovakia,SVK,Magicians,0.5442789303824853,0.5442789303824853,0.39767661863237613,0.226150293544136,2021
Slovakia,SVK,Workhorses,0.6191418541066033,0.6191418541066033,0.452375106311514,0.226150293544136,2021
Slovakia,SVK,Rentiers,0.42756603848660324,0.0625706397785273,0.04571714807204285,0.226150293544136,2021
Slovakia,SVK,Powerbrokers,0.16711087420042642,0.1426556243174372,0.10423112698406702,0.226150293544136,2021
Slovenia,SVN,Magicians,0.6075347643660175,0.6075347643660175,0.367777087770085,0.189323915465621,2021
Slovenia,SVN,Workhorses,0.7111287626765851,0.7111287626765851,0.4304887237846557,0.189323915465621,2021
Slovenia,SVN,Rentiers,0.47226170418855934,0.06623182436790771,0.04009408006329941,0.189323915465621,2021
Slovenia,SVN,Powerbrokers,0.31057059423379996,0.26701496211564507,0.16164010838195986,0.189323915465621,2021
Somalia,SOM,Magicians,0.3132684680422646,0.3132684680422646,0.2737916109666354,11.2356934915275,2021
Somalia,SOM,Workhorses,0.20836817406373845,0.20836817406373845,0.18211043839685268,11.2356934915275,2021
Somalia,SOM,Rentiers,0.5118181075663867,0.3869844227940972,0.3382181717742967,11.2356934915275,2021
Somalia,SOM,Powerbrokers,0.9658153332715306,0.23556471543208063,0.20587977886221528,11.2356934915275,2021
South Africa,ZAF,Magicians,0.5658641285066732,0.5658641285066732,0.3321781637683222,7.32857859192335,2021
South Africa,ZAF,Workhorses,0.6857447888603788,0.6857447888603788,0.4025514841848649,7.32857859192335,2021
South Africa,ZAF,Rentiers,0.4814621312969411,0.319996172630284,0.18784675628358943,7.32857859192335,2021
South Africa,ZAF,Powerbrokers,0.3932743116714564,0.13189077525567133,0.0774235957632234,7.32857859192335,2021
South Korea,KOR,Magicians,0.7200935643898885,0.7200935643898885,0.40267682320144216,0.049812574781783,2021
South Korea,KOR,Workhorses,0.8271447484492324,0.8271447484492324,0.46253991995539334,0.049812574781783,2021
South Korea,KOR,Rentiers,0.5238454727390816,0.038330156541884014,0.021434250259099473,0.049812574781783,2021
South Korea,KOR,Powerbrokers,0.21870075090386576,0.20269825693529023,0.11334900658406508,0.049812574781783,2021
Spain,ESP,Magicians,0.685277947546303,0.685277947546303,0.3649667605255402,0.115181021827658,2021
Spain,ESP,Workhorses,0.8283219931550448,0.8283219931550448,0.44114945708716075,0.115181021827658,2021
Spain,ESP,Rentiers,0.5352209890625255,0.06200730970846332,0.033023982508458914,0.115181021827658,2021
Spain,ESP,Powerbrokers,0.3416149068322981,0.30203757006514165,0.16085979987884017,0.115181021827658,2021
Sri Lanka,LKA,Magicians,0.5165000736093592,0.5165000736093592,0.29845961788687486,0.0832444969793704,2021
Sri Lanka,LKA,Workhorses,0.7128790736100225,0.7128790736100225,0.4119372421815299,0.0832444969793704,2021
Sri Lanka,LKA,Rentiers,0.42983732034055167,0.03931438905553826,0.02271782354835905,0.0832444969793704,2021
Sri Lanka,LKA,Powerbrokers,0.5083549643088904,0.4618590834269797,0.26688531638323615,0.0832444969793704,2021
Sudan,SDN,Magicians,0.27411960089389914,0.27411960089389914,0.27101186678147254,12.7502116848016,2021
Sudan,SDN,Workhorses,0.1455707762448026,0.1455707762448026,0.14392041900791352,12.7502116848016,2021
Sudan,SDN,Rentiers,0.49501893214882153,0.3893746478487682,0.3849602503679325,12.7502116848016,2021
Sudan,SDN,Powerbrokers,0.9483985352739408,0.20240212643041416,0.20010746384268135,12.7502116848016,2021
Suriname,SUR,Magicians,0.5135048641474859,0.5135048641474859,0.3050578861584649,9.59272209392741,2021
Suriname,SUR,Workhorses,0.6007972159565406,0.6007972159565406,0.35691566235476396,9.59272209392741,2021
Suriname,SUR,Rentiers,0.5180073025628817,0.3790297335825964,0.22517023185335114,9.59272209392741,2021
Suriname,SUR,Powerbrokers,0.7080745341614907,0.18997121648235119,0.11285621963342003,9.59272209392741,2021
Sweden,SWE,Magicians,0.730506269965552,0.730506269965552,0.3744209706882425,1.20827979934218,2021
Sweden,SWE,Workhorses,0.892606310135477,0.892606310135477,0.4575053422869811,1.20827979934218,2021
Sweden,SWE,Rentiers,0.5346484537577485,0.17930283510168396,0.0919016637175369,1.20827979934218,2021
Sweden,SWE,Powerbrokers,0.22360248447204967,0.14861384638691105,0.07617202330723946,1.20827979934218,2021
Switzerland,CHE,Magicians,0.7642133260065636,0.7642133260065636,0.4308114416480958,0.00910740311945595,2021
Switzerland,CHE,Workhorses,0.9283886544605728,0.9283886544605728,0.5233623139338716,0.00910740311945595,2021
Switzerland,CHE,Rentiers,0.5114494271024322,0.021830158473884306,0.012306357038662421,0.00910740311945595,2021
Switzerland,CHE,Powerbrokers,0.06211180124223603,0.059460687774579614,0.03351988737937022,0.00910740311945595,2021
Syria,SYR,Magicians,0.335969359219339,0.335969359219339,0.25237809409992157,6.37482598047532,2020
Syria,SYR,Workhorses,0.34474239553099245,0.34474239553099245,0.25896834443986105,6.37482598047532,2020
Syria,SYR,Rentiers,0.4599690226688344,0.2860782945867141,0.21490023649452747,6.37482598047532,2020
Syria,SYR,Powerbrokers,0.9639612496523593,0.3644243748685749,0.2737533249656898,6.37482598047532,2020
Tajikistan,TJK,Magicians,0.33339781888458075,0.33339781888458075,0.3052985514463092,9.04634759702914,2021
Tajikistan,TJK,Workhorses,0.18654513744269707,0.18654513744269707,0.1708228339079936,9.04634759702914,2021
Tajikistan,TJK,Rentiers,0.5070120813370531,0.3648013755961724,0.33405536937147395,9.04634759702914,2021
Tajikistan,TJK,Powerbrokers,0.7390493186242699,0.20729432107753915,0.18982324527422323,9.04634759702914,2021
Tanzania,TZA,Magicians,0.4321838679251913,0.4321838679251913,0.3201413089504864,6.69370906979479,2021
Tanzania,TZA,Workhorses,0.3985438214388845,0.3985438214388845,0.29522235821087756,6.69370906979479,2021
Tanzania,TZA,Rentiers,0.4882974470977736,0.3126294630808917,0.2315810768404912,6.69370906979479,2021
Tanzania,TZA,Powerbrokers,0.5743371651061462,0.20662129720282088,0.1530552559981448,6.69370906979479,2021
Thailand,THA,Magicians,0.5840460782453001,0.5840460782453001,0.339847802490907,1.8170265297611,2021
Thailand,THA,Workhorses,0.46092131266016984,0.46092131266016984,0.268203316593443,1.8170265297611,2021
Thailand,THA,Rentiers,0.6788628420103515,0.2814797149799018,0.1637888963642849,1.8170265297611,2021
Thailand,THA,Powerbrokers,0.669845647538704,0.39210476929094873,0.22815998455136505,1.8170265297611,2021
The Gambia,GMB,Magicians,0.4710705796496641,0.4710705796496641,0.3241847147038161,2.85673041093642,2021
The Gambia,GMB,Workhorses,0.6115047849946272,0.6115047849946272,0.4208297287657688,2.85673041093642,2021
The Gambia,GMB,Rentiers,0.4044186410241729,0.19727738586545018,0.13576375986347636,2.85673041093642,2021
The Gambia,GMB,Powerbrokers,0.3382312042273107,0.17324037289691524,0.11922179666693865,2.85673041093642,2021
Timor-Leste,TLS,Magicians,0.42139354550679703,0.42139354550679703,0.2981304005167394,34.7297460391742,2021
Timor-Leste,TLS,Workhorses,0.5795233545817532,0.5795233545817532,0.41000516418084443,34.7297460391742,2021
Timor-Leste,TLS,Rentiers,0.4026059154538346,0.3903313448607299,0.27615430140870517,34.7297460391742,2021
Timor-Leste,TLS,Powerbrokers,0.7283419857235561,0.022205548345230388,0.01571013389371094,34.7297460391742,2021
Togo,TGO,Magicians,0.3701618880754186,0.3701618880754186,0.2957602317201285,7.86417419787513,2021
Togo,TGO,Workhorses,0.36787513448418374,0.36787513448418374,0.2939331101448985,7.86417419787513,2021
Togo,TGO,Rentiers,0.4201999231219144,0.28952799580961175,0.23133355942000247,7.86417419787513,2021
Togo,TGO,Powerbrokers,0.720299898025401,0.22399569999570398,0.1789730987149706,7.86417419787513,2021
Trinidad and Tobago,TTO,Magicians,0.5074811102753798,0.5074811102753798,0.31272213771863105,7.85936855870429,2021
Trinidad and Tobago,TTO,Workhorses,0.7003219081742799,0.7003219081742799,0.43155530281040416,7.85936855870429,2021
Trinidad and Tobago,TTO,Rentiers,0.3979245287383002,0.271753336699327,0.16746098064353385,7.85936855870429,2021
Trinidad and Tobago,TTO,Powerbrokers,0.45172429776582923,0.14322965538916535,0.08826157882743099,7.85936855870429,2021
Tunisia,TUN,Magicians,0.4339140288827606,0.4339140288827606,0.2813219501640861,2.24923087429424,2021
Tunisia,TUN,Workhorses,0.5678093296497694,0.5678093296497694,0.36813105201905105,2.24923087429424,2021
Tunisia,TUN,Rentiers,0.42054242339927306,0.18975694714357444,0.12302620075470592,2.24923087429424,2021
Tunisia,TUN,Powerbrokers,0.6394734402521554,0.3509305464798414,0.22752079706215686,2.24923087429424,2021
Turkmenistan,TKM,Magicians,0.3651865725549051,0.3651865725549051,0.2947065835279929,13.4925127713072,2019
Turkmenistan,TKM,Workhorses,0.2685796866200942,0.2685796866200942,0.21674455688517014,13.4925127713072,2019
Turkmenistan,TKM,Rentiers,0.5187687084257006,0.4175455458060517,0.33696042111003877,13.4925127713072,2019
Turkmenistan,TKM,Powerbrokers,0.9626865671641791,0.18784128139788855,0.15158843847679826,13.4925127713072,2019
Türkiye,TUR,Magicians,0.47461712705366954,0.47461712705366954,0.3638273283880817,0.827048726504594,2021
Türkiye,TUR,Workhorses,0.2781475964911185,0.2781475964911185,0.21321964834506782,0.827048726504594,2021
Türkiye,TUR,Rentiers,0.5954505530077924,0.17427821063642704,0.13359647631286714,0.827048726504594,2021
Türkiye,TUR,Powerbrokers,0.5336632057105775,0.37746909672211576,0.2893565469539833,0.827048726504594,2021
Uganda,UGA,Magicians,0.35980987534772313,0.35980987534772313,0.35426270628310147,7.47552032336567,2021
Uganda,UGA,Workhorses,0.2879424785783707,0.2879424785783707,0.28350328521821955,7.47552032336567,2021
Uganda,UGA,Rentiers,0.37334331118548825,0.2504131965268519,0.2465525900445969,7.47552032336567,2021
Uganda,UGA,Powerbrokers,0.356829980532122,0.11749279846789382,0.11568141845408215,7.47552032336567,2021
Ukraine,UKR,Magicians,0.4158616740710035,0.4158616740710035,0.31224667419899577,7.5129023639251,2021
Ukraine,UKR,Workhorses,0.42590855012508394,0.42590855012508394,0.31979029706586404,7.5129023639251,2021
Ukraine,UKR,Rentiers,0.4466757427656788,0.30232321614018504,0.2269971595333869,7.5129023639251,2021
Ukraine,UKR,Powerbrokers,0.5809423379994438,0.18774356045103974,0.14096586920175336,7.5129023639251,2021
United Arab Emirates,ARE,Magicians,0.6277582171668665,0.6277582171668665,0.3778885663596844,17.634095847399,2021
United Arab Emirates,ARE,Workhorses,0.5976916904700303,0.5976916904700303,0.35978956525037276,17.634095847399,2021
United Arab Emirates,ARE,Rentiers,0.48345346985237464,0.4038605205474105,0.2431099568998073,17.634095847399,2021
United Arab Emirates,ARE,Powerbrokers,0.19385603040697136,0.03191532207919651,0.019211911490135583,17.634095847399,2021
United Kingdom,GBR,Magicians,0.6921628109674673,0.6921628109674673,0.3786019693206692,0.588544260440276,2021
United Kingdom,GBR,Workhorses,0.7912154980011193,0.7912154980011193,0.4327822023283151,0.588544260440276,2021
United Kingdom,GBR,Rentiers,0.5526263795363712,0.14152626793004627,0.0774126013416208,0.588544260440276,2021
United Kingdom,GBR,Powerbrokers,0.27329192546583847,0.2033025299197091,0.11120322700939486,0.588544260440276,2021
United States of America,USA,Magicians,0.6880732597204654,0.6880732597204654,0.4198558091976829,1.27994423022721,2021
United States of America,USA,Workhorses,0.7340227574198123,0.7340227574198123,0.44789375903259426,1.27994423022721,2021
United States of America,USA,Rentiers,0.5220287752726441,0.18461993271837412,0.11265334054252486,1.27994423022721,2021
United States of America,USA,Powerbrokers,0.0496894409937888,0.03211634600818057,0.019597091227197945,1.27994423022721,2021
Uruguay,URY,Magicians,0.6092410357932392,0.6092410357932392,0.33897453729955296,1.92773520463627,2021
Uruguay,URY,Workhorses,0.8004669494369759,0.8004669494369759,0.4453703835883253,1.92773520463627,2021
Uruguay,URY,Rentiers,0.44341845281910824,0.18926397376425352,0.10530424604554273,1.92773520463627,2021
Uruguay,URY,Powerbrokers,0.34602994345044963,0.1983342358801358,0.110350833066579,1.92773520463627,2021
Uzbekistan,UZB,Magicians,0.3943808596914399,0.3943808596914399,0.31208288995742195,20.46516083278,2021
Uzbekistan,UZB,Workhorses,0.32986061053755383,0.32986061053755383,0.261026492766971,20.46516083278,2021
Uzbekistan,UZB,Rentiers,0.49813491180399605,0.4343493438290941,0.3437108955524593,20.46516083278,2021
Uzbekistan,UZB,Powerbrokers,0.8208955223880597,0.10511467054969058,0.08317972172314775,20.46516083278,2021
Venezuela,VEN,Magicians,0.35085572280672117,0.35085572280672117,0.29446708267131316,11.8465082797294,2014
Venezuela,VEN,Workhorses,0.17707612083266266,0.17707612083266266,0.14861689669822378,11.8465082797294,2014
Venezuela,VEN,Rentiers,0.575689653529854,0.4458084512090943,0.3741592498694271,11.8465082797294,2014
Venezuela,VEN,Powerbrokers,0.9651779920274404,0.21775357137204446,0.18275677076103594,11.8465082797294,2014
Vietnam,VNM,Magicians,0.4125656104824336,0.4125656104824336,0.32894670505097073,2.54701708790768,2021
Vietnam,VNM,Workhorses,0.37173602213626133,0.37173602213626133,0.2963924683094361,2.54701708790768,2021
Vietnam,VNM,Rentiers,0.4292273429732382,0.20152747200572768,0.16068183146922388,2.54701708790768,2021
Vietnam,VNM,Powerbrokers,0.5058983035134885,0.26837288052239944,0.2139789951703693,2.54701708790768,2021
Yemen,YEM,Magicians,0.28142203669579574,0.28142203669579574,0.24527117625808578,4.60935600503207,2018
Yemen,YEM,Workhorses,0.12208160164581856,0.12208160164581856,0.10639926562505868,4.60935600503207,2018
Yemen,YEM,Rentiers,0.552693281289256,0.31004745047933874,0.2702194318815549,4.60935600503207,2018
Yemen,YEM,Powerbrokers,0.9881918049504033,0.4338403046123721,0.3781101262353007,4.60935600503207,2018
Zambia,ZMB,Magicians,0.3719975222735038,0.3719975222735038,0.30265483486062045,35.2641479964325,2021
Zambia,ZMB,Workhorses,0.41404130297031644,0.41404130297031644,0.33686138931813736,35.2641479964325,2021
Zambia,ZMB,Rentiers,0.43824449771171714,0.4275556075236265,0.34785654215636236,35.2641479964325,2021
Zambia,ZMB,Powerbrokers,0.6363330861221841,0.01552031917371182,0.012627233664879832,35.2641479964325,2021
Zimbabwe,ZWE,Magicians,0.3247954775544485,0.3247954775544485,0.27874595549297604,6.39845161112644,2021
Zimbabwe,ZWE,Workhorses,0.1928606809997356,0.1928606809997356,0.16551688221485536,6.39845161112644,2021
Zimbabwe,ZWE,Rentiers,0.5319330747448138,0.33407991889460864,0.2867140481895487,6.39845161112644,2021
Zimbabwe,ZWE,Powerbrokers,0.8427621210716603,0.3134663986912883,0.2690231141026199,6.39845161112644,2021
